RSC ID,Player Name,Franchise,Team,Base MMR,Current MMR,Contract Status,Contract Length,Waiver End,Tier,Captain
RSC006723,ROCK_Sause,Art Club,Pixel Picassos,1625,1625,Rostered,2,,Elite,TRUE
RSC001098,Wafe,Art Club,Pixel Picassos,1610,1610,Rostered,1,,Elite,FALSE
RSC010429,Sparky ;),Art Club,Pixel Picassos,1600,1600,Rostered,2,2026-06-03T12:00:00-04:00,Elite,FALSE
RSC005308,6 lbs of Yeet,Art Club,Pixel Picassos,1545,1545,Rostered,2,,Elite,FALSE
RSC014097,Dizz5625,Art Club,Mosaic Maestros,1525,1525,Rostered,2,,Veteran,FALSE
RSC002178,bird,Art Club,Mosaic Maestros,1515,1515,Rostered,2,2026-05-24T12:00:00-04:00,Veteran,FALSE
RSC007317,TheDarkHero77,Art Club,Mosaic Maestros,1465,1465,Rostered,1,,Veteran,FALSE
RSC000320,ryanawesome_,Art Club,Mosaic Maestros,1455,1455,Rostered,2,,Veteran,FALSE
RSC005246,Irishhhh,Art Club,Hue Heroes,1415,1415,Rostered,1,,Rival,FALSE
RSC000190,leaf.,Art Club,Hue Heroes,1375,1375,Rostered,2,,Rival,FALSE
RSC000291,Suckiest Sucker,Art Club,Hue Heroes,1360,1360,Rostered,2,,Rival,FALSE
RSC000922,D_e_r_k,Art Club,Hue Heroes,1360,1360,Rostered,2,,Rival,TRUE
RSC008184,Dray,Art Club,Chromatic Chaos,1320,1320,Rostered,2,,Challenger,FALSE
RSC012932,princedre.,Art Club,Chromatic Chaos,1310,1310,Rostered,1,,Challenger,FALSE
RSC013056,SRSExKAOS,Art Club,Chromatic Chaos,1295,1295,Rostered,1,,Challenger,FALSE
RSC008014,TweakingOut,Art Club,Chromatic Chaos,1225,1225,Rostered,1,,Challenger,TRUE
RSC003387,Redline,Art Club,Prism Proteges,1175,1175,Rostered,2,2026-05-31T12:00:00-04:00,Prospect,FALSE
RSC007505,Detroeux,Art Club,Prism Proteges,1115,1115,Rostered,2,,Prospect,FALSE
RSC008031,timthebigone,Art Club,Prism Proteges,1105,1105,Rostered,1,,Prospect,TRUE
RSC006232,bestpickle,Art Club,Gallery Guild,1095,1095,Rostered,2,,Contender,FALSE
RSC007874,Salty Num Num,Art Club,Gallery Guild,1085,1085,Rostered,2,2026-06-17T12:00:00-04:00,Contender,FALSE
RSC014051,gunz,Art Club,Gallery Guild,990,990,Rostered,2,,Contender,FALSE
RSC013210,Spare4dagreen,Art Club,Gallery Guild,945,945,Rostered,2,,Contender,TRUE
RSC011177,LMN.,Buggin Out,Black Widows,1650,1650,Rostered,2,2026-05-24T12:00:00-04:00,Elite,FALSE
RSC006395,Gizmo,Buggin Out,Black Widows,1600,1600,Rostered,2,,Elite,TRUE
RSC008479,Yaki,Buggin Out,Black Widows,1570,1570,Rostered,1,,Elite,FALSE
RSC005959,Yurrbo?,Buggin Out,Black Widows,1565,1565,Rostered,2,,Elite,FALSE
RSC012888,Chillin,Buggin Out,Luna Moths,1535,1535,Rostered,2,2026-06-14T12:00:00-04:00,Veteran,FALSE
RSC002271,Based Fame,Buggin Out,Luna Moths,1520,1520,Rostered,2,,Veteran,FALSE
RSC013356,wumie,Buggin Out,Luna Moths,1455,1455,Rostered,2,,Veteran,FALSE
RSC013987,MrToastyy99,Buggin Out,Luna Moths,1455,1455,Rostered,2,,Veteran,FALSE
RSC008531,drkmist,Buggin Out,Centipedes,1440,1440,Rostered,1,,Rival,TRUE
RSC014195,waffles,Buggin Out,Centipedes,1405,1405,Rostered,2,,Rival,TRUE
RSC013917,Jaded,Buggin Out,Centipedes,1330,1355,Rostered,2,,Rival,FALSE
RSC012832,22,Buggin Out,Centipedes,1340,1340,Rostered,2,,Rival,FALSE
RSC005526,Vortex3524,Buggin Out,Scarabs,1325,1325,Rostered,2,,Challenger,FALSE
RSC002809,bubles,Buggin Out,Scarabs,1295,1295,Rostered,2,2026-06-24T12:00:00-04:00,Challenger,FALSE
RSC006928,Thunderbolt,Buggin Out,Scarabs,1295,1295,Rostered,2,,Challenger,TRUE
RSC000938,Nukem_IV,Buggin Out,Scarabs,1240,1240,Rostered,2,,Challenger,FALSE
RSC008237,SardonicOx,Buggin Out,Roly Polies,1205,1205,Rostered,2,,Prospect,FALSE
RSC003109,Kflip11,Buggin Out,Roly Polies,1190,1190,Rostered,2,,Prospect,TRUE
RSC006658,MrSilent_714,Buggin Out,Roly Polies,1140,1140,Rostered,2,,Prospect,FALSE
RSC000962,pythagorjags,Buggin Out,Roly Polies,1105,1105,Rostered,1,,Prospect,FALSE
RSC013486,DadOf5BoyZ,Buggin Out,Caterpillars,1095,1095,Rostered,2,,Contender,FALSE
RSC002796,Carno,Buggin Out,Caterpillars,1070,1070,Rostered,2,,Contender,TRUE
RSC013854,Magicmike2433,Buggin Out,Caterpillars,1020,1020,Rostered,2,,Contender,FALSE
RSC013527,Oh_Wentzy,Buggin Out,Caterpillars,935,935,Rostered,2,,Contender,FALSE
RSC012722,Savant Cyclops,Buggin Out,Stick Bugs,925,925,Rostered,2,,Amateur,FALSE
RSC007921,sXCyBeast,Buggin Out,Stick Bugs,875,875,Rostered,2,,Amateur,TRUE
RSC008489,nacho_nachos2,Buggin Out,Stick Bugs,820,820,Rostered,2,,Amateur,FALSE
RSC014210,FGTN-SlayCon,Buggin Out,Stick Bugs,520,520,Rostered,2,,Amateur,FALSE
RSC014145,a7md (Free Palestine),D20,Goliaths,1635,1635,Rostered,2,,Elite,TRUE
RSC013021,Trvyn,D20,Goliaths,1620,1620,Rostered,2,,Elite,FALSE
RSC007033,Burnset,D20,Goliaths,1560,1560,Rostered,2,,Elite,FALSE
RSC000551,Millk_Kup,D20,Goliaths,1545,1545,Rostered,2,,Elite,FALSE
RSC008508,Flame_RL10,D20,Dragonborn,1515,1515,Rostered,1,,Veteran,FALSE
RSC013487,SU Magic7414,D20,Dragonborn,1485,1485,Rostered,2,2026-05-31T12:00:00-04:00,Veteran,FALSE
RSC008442,Billionninja,D20,Dragonborn,1460,1460,Rostered,2,,Veteran,TRUE
RSC000960,Catlas,D20,Dragonborn,1445,1445,Rostered,2,,Veteran,FALSE
RSC013864,Strages,D20,Genasi,1435,1435,Rostered,2,,Rival,FALSE
RSC013893,Chiharu6503,D20,Genasi,1365,1365,Rostered,2,,Rival,FALSE
RSC000182,Goose,D20,Genasi,1360,1360,Rostered,2,,Rival,TRUE
RSC012692,AraticRL.,D20,Genasi,1360,1360,Rostered,2,,Rival,FALSE
RSC002320,JoeExotic,D20,Aasimar,1335,1335,Rostered,2,,Challenger,TRUE
RSC013984,Yomilo67,D20,Aasimar,1275,1275,Rostered,2,,Challenger,FALSE
RSC000053,its_lost,D20,Aasimar,1260,1260,Rostered,1,,Challenger,FALSE
RSC013969,yk lucky fr,D20,Aasimar,1260,1260,Rostered,2,,Challenger,FALSE
RSC012678,mel,D20,Aetherborn,1200,1200,Rostered,2,,Prospect,TRUE
RSC013334,grand.slamdalf,D20,Aetherborn,1180,1180,Rostered,2,,Prospect,FALSE
RSC003771,ThatHomieGage,D20,Aetherborn,1170,1170,Rostered,2,,Prospect,FALSE
RSC005608,wolverine36535,D20,Aetherborn,1100,1100,Rostered,2,,Prospect,FALSE
RSC013992,P0lyph3m0us,D20,Eladrin,1090,1090,Rostered,2,,Contender,FALSE
RSC013277,IrisReasoning,D20,Eladrin,1040,1040,Rostered,2,,Contender,FALSE
RSC008348,Shadows_ss,D20,Eladrin,1020,1020,Rostered,2,,Contender,TRUE
RSC013580,Mortal Frenzy,D20,Eladrin,985,985,Rostered,2,,Contender,FALSE
RSC012351,ShadowLightnin9,D20,Gnomes,870,870,Rostered,2,,Amateur,FALSE
RSC003545,Grumpy Mittens,D20,Gnomes,855,855,Rostered,2,,Amateur,FALSE
RSC012871,FUU.EGO,D20,Gnomes,785,785,Rostered,2,,Amateur,TRUE
RSC013961,Zonie789,D20,Gnomes,660,660,Rostered,2,,Amateur,FALSE
RSC001605,Reeves,Dwarf Haven,Long Beards,1890,1890,Rostered,2,,Premier,FALSE
RSC003780,FusionBleach,Dwarf Haven,Long Beards,1885,1885,Rostered,2,,Premier,TRUE
RSC012969,hydrosin.,Dwarf Haven,Long Beards,1825,1825,Rostered,2,,Premier,FALSE
RSC007558,Frijole,Dwarf Haven,Long Beards,1780,1780,Rostered,2,,Premier,FALSE
RSC004918,Nezitic,Dwarf Haven,Battle Masters,1755,1755,Rostered,1,,Master,FALSE
RSC007494,C-Loupe,Dwarf Haven,Battle Masters,1735,1735,Rostered,1,,Master,FALSE
RSC007354,Fanatic,Dwarf Haven,Battle Masters,1690,1690,Rostered,1,,Master,TRUE
RSC005454,tman,Dwarf Haven,Battle Masters,1670,1670,Rostered,2,,Master,FALSE
RSC007636,Aroomba.,Dwarf Haven,Forge Defenders,1655,1655,Rostered,2,,Elite,FALSE
RSC007884,Silu.,Dwarf Haven,Forge Defenders,1630,1630,Rostered,2,,Elite,FALSE
RSC006885,bev,Dwarf Haven,Forge Defenders,1565,1565,Rostered,2,2026-05-27T12:00:00-04:00,Elite,FALSE
RSC011118,Reyes.,Dwarf Haven,Forge Defenders,1565,1565,Rostered,2,,Elite,FALSE
RSC007346,Mai,Dwarf Haven,Forge Defenders,1545,1545,Inactive Reserve,2,,Elite,TRUE
RSC007213,Py Ballwin,Dwarf Haven,Drunken Dwarfs,1525,1525,Rostered,2,,Veteran,FALSE
RSC014026,SirChaka1,Dwarf Haven,Drunken Dwarfs,1475,1475,Rostered,2,,Veteran,FALSE
RSC007459,turbidd,Dwarf Haven,Drunken Dwarfs,1470,1470,Rostered,2,,Veteran,FALSE
RSC013950,The-JDViirus,Dwarf Haven,Drunken Dwarfs,1465,1465,Rostered,2,,Veteran,TRUE
RSC008115,Glint,Dwarf Haven,Mining Legion,1440,1440,Rostered,2,,Rival,TRUE
RSC012924,Kiraw _,Dwarf Haven,Mining Legion,1385,1385,Rostered,2,,Rival,FALSE
RSC008548,Slinkxyz,Dwarf Haven,Mining Legion,1375,1375,Rostered,1,,Rival,FALSE
RSC004452,sleepzey,Dwarf Haven,Mining Legion,1350,1350,Rostered,2,2026-06-03T12:00:00-04:00,Rival,FALSE
RSC007777,elyaeri,Dwarf Haven,Gold Hoarders,1320,1320,Rostered,2,,Challenger,FALSE
RSC008507,Unc Jeebs,Dwarf Haven,Gold Hoarders,1290,1290,Rostered,2,,Challenger,FALSE
RSC005859,LedTasso,Dwarf Haven,Gold Hoarders,1250,1250,Rostered,1,,Challenger,FALSE
RSC006747,Panda,Dwarf Haven,Gold Hoarders,1240,1240,Rostered,2,,Challenger,TRUE
RSC006642,Zone Killa,Dwarf Haven,Gold Hoarders,1230,1230,AGM IR,2,,Challenger,FALSE
RSC008036,ToastyPancakes_,Dwarf Haven,Blacksmiths,1200,1200,Rostered,2,,Prospect,TRUE
RSC013252,l Yoru l,Dwarf Haven,Blacksmiths,1185,1185,Rostered,2,,Prospect,FALSE
RSC006587,Enterprise15,Dwarf Haven,Blacksmiths,1145,1145,Rostered,2,2026-06-14T12:00:00-04:00,Prospect,FALSE
RSC007376,Xcalibur9659,Dwarf Haven,Blacksmiths,1105,1105,Rostered,2,,Prospect,FALSE
RSC003193,ShiftDrink,Dwarf Haven,Fingus No Legs,1095,1095,Rostered,2,,Contender,TRUE
RSC012953,agent scarn.,Dwarf Haven,Fingus No Legs,1040,1040,Rostered,2,,Contender,FALSE
RSC012074,seandfeeney,Dwarf Haven,Fingus No Legs,1030,1030,Rostered,2,,Contender,FALSE
RSC011401,C_Sinica12,Dwarf Haven,Fingus No Legs,980,980,Rostered,2,,Contender,FALSE
RSC006417,TangentOgive,Fifty-Fifty Pizzeria,Gelato,1625,1625,Rostered,1,,Elite,FALSE
RSC012500,PixelSkills,Fifty-Fifty Pizzeria,Gelato,1620,1620,Rostered,2,,Elite,FALSE
RSC001055,Scotti,Fifty-Fifty Pizzeria,Gelato,1610,1610,Rostered,1,,Elite,TRUE
RSC000867,Ritter,Fifty-Fifty Pizzeria,Gelato,1565,1565,Rostered,2,,Elite,FALSE
RSC004165,Absolutely TOR,Fifty-Fifty Pizzeria,Cannoli,1525,1525,Rostered,1,,Veteran,TRUE
RSC004872,JustWaben,Fifty-Fifty Pizzeria,Cannoli,1505,1505,Rostered,1,,Veteran,FALSE
RSC000371,Capn' Clutch,Fifty-Fifty Pizzeria,Cannoli,1490,1490,Rostered,2,,Veteran,FALSE
RSC000926,SlmRnchr,Fifty-Fifty Pizzeria,Cannoli,1450,1450,Rostered,2,,Veteran,FALSE
RSC002231,Andrew,Fifty-Fifty Pizzeria,Hot Wings,1425,1425,Rostered,2,,Rival,FALSE
RSC013874,JimJams,Fifty-Fifty Pizzeria,Hot Wings,1395,1395,Rostered,2,,Rival,FALSE
RSC006976,slendxa,Fifty-Fifty Pizzeria,Hot Wings,1370,1370,Rostered,1,,Rival,TRUE
RSC005523,Laguna,Fifty-Fifty Pizzeria,Hot Wings,1350,1350,Rostered,1,,Rival,FALSE
RSC001893,cjax,Fifty-Fifty Pizzeria,Meat Lovers,1310,1310,Rostered,2,,Challenger,FALSE
RSC012777,Curlss-,Fifty-Fifty Pizzeria,Meat Lovers,1305,1305,Rostered,1,,Challenger,FALSE
RSC007284,7aco104,Fifty-Fifty Pizzeria,Meat Lovers,1295,1295,Rostered,1,,Challenger,TRUE
RSC003919,thejeansman,Fifty-Fifty Pizzeria,Meat Lovers,1240,1240,Rostered,1,,Challenger,FALSE
RSC007092,Minjaaa,Fifty-Fifty Pizzeria,Hawaiian Pizza,1190,1190,Rostered,1,,Prospect,FALSE
RSC002911,Alextross,Fifty-Fifty Pizzeria,Hawaiian Pizza,1180,1180,Rostered,1,,Prospect,TRUE
RSC007431,xPotatodactylx,Fifty-Fifty Pizzeria,Hawaiian Pizza,1150,1150,Rostered,1,,Prospect,FALSE
RSC006439,S E L.,Fifty-Fifty Pizzeria,Hawaiian Pizza,1135,1135,Rostered,1,,Prospect,FALSE
RSC003223,AZoroARK,Fifty-Fifty Pizzeria,Cheese Pizza,1090,1090,Rostered,1,,Contender,FALSE
RSC007571,StephM2_,Fifty-Fifty Pizzeria,Cheese Pizza,1085,1085,Rostered,1,,Contender,TRUE
RSC012755,Jdawg118159,Fifty-Fifty Pizzeria,Cheese Pizza,995,995,Rostered,1,,Contender,FALSE
RSC013085,Jayboaah,Fifty-Fifty Pizzeria,Cheese Pizza,930,930,Rostered,1,,Contender,FALSE
RSC013229,swway.,Fifty-Fifty Pizzeria,Garlic Knots,895,895,Rostered,2,,Amateur,FALSE
RSC012719,Ryzor,Fifty-Fifty Pizzeria,Garlic Knots,880,880,Rostered,1,,Amateur,FALSE
RSC005707,BlueCrimsonJR,Fifty-Fifty Pizzeria,Garlic Knots,850,850,Rostered,2,,Amateur,TRUE
RSC010339,TwiztedDad2240,Fifty-Fifty Pizzeria,Garlic Knots,705,750,Rostered,1,,Amateur,TRUE
RSC001986,Colinn,Inconveniences,Frame Skips,1650,1650,Rostered,2,,Elite,FALSE
RSC003709,dlnaod.,Inconveniences,Frame Skips,1590,1590,Rostered,2,,Elite,FALSE
RSC007877,Torro,Inconveniences,Frame Skips,1590,1590,Rostered,2,,Elite,TRUE
RSC005201,Stonewall,Inconveniences,Frame Skips,1545,1545,Rostered,2,,Elite,FALSE
RSC002097,NoobZ,Inconveniences,Double Commit,1535,1535,Rostered,2,2026-06-14T12:00:00-04:00,Veteran,FALSE
RSC003055,Lad,Inconveniences,Double Commit,1520,1520,Rostered,2,,Veteran,TRUE
RSC013526,Burrito,Inconveniences,Double Commit,1465,1465,Rostered,2,,Veteran,FALSE
RSC001321,HannandGrenade,Inconveniences,Double Commit,1445,1445,Rostered,2,,Veteran,FALSE
RSC006209,Celiscy,Inconveniences,Demo Chasers,1410,1410,Rostered,2,2026-06-07T12:00:00-04:00,Rival,FALSE
RSC002453,Ghostie,Inconveniences,Demo Chasers,1380,1380,Rostered,2,,Rival,TRUE
RSC001358,Cob,Inconveniences,Demo Chasers,1355,1355,Rostered,2,2026-06-03T12:00:00-04:00,Rival,FALSE
RSC007406,junior1000gsxr,Inconveniences,Demo Chasers,1355,1355,Rostered,2,,Rival,FALSE
RSC000136,Blun,Inconveniences,Boost Steal,1330,1330,Rostered,1,,Challenger,FALSE
RSC004670,CarnageWolfBite,Inconveniences,Boost Steal,1310,1310,Inactive Reserve,1,,Challenger,FALSE
RSC013047,.Desty,Inconveniences,Boost Steal,1295,1295,Rostered,1,,Challenger,FALSE
RSC005430,Schmeemeet,Inconveniences,Boost Steal,1290,1290,Rostered,1,,Challenger,FALSE
RSC006820,Zainnox.,Inconveniences,Boost Steal,1225,1225,Rostered,2,,Challenger,FALSE
RSC001995,Tvveedle,Inconveniences,Back Flips,1220,1220,Rostered,2,,Prospect,FALSE
RSC012297,le1anonly1,Inconveniences,Back Flips,1195,1195,Inactive Reserve,1,,Prospect,FALSE
RSC013463,g00f.,Inconveniences,Back Flips,1195,1195,Rostered,2,,Prospect,FALSE
RSC006262,Illusionchaos,Inconveniences,Back Flips,1130,1130,Rostered,1,,Prospect,TRUE
RSC001820,YourEvilTwin,Inconveniences,Back Flips,1105,1105,Rostered,1,,Prospect,FALSE
RSC008218,Korrello,Inconveniences,Whiff Shots,1095,1095,Rostered,2,,Contender,TRUE
RSC008332,QuaviusProd,Inconveniences,Whiff Shots,1045,1045,Rostered,1,,Contender,FALSE
RSC008470,ReaperXD97,Inconveniences,Whiff Shots,1025,1025,Rostered,2,,Contender,FALSE
RSC007119,EvilSuperman_,Inconveniences,Whiff Shots,940,940,Rostered,2,,Contender,FALSE
RSC006364,Larr1e,Inconveniences,Ball Chasers,915,915,Rostered,2,,Amateur,FALSE
RSC012720,ienvy murph,Inconveniences,Ball Chasers,890,890,Rostered,2,,Amateur,TRUE
RSC006137,FULLBL00DN8V,Inconveniences,Ball Chasers,850,850,Rostered,2,,Amateur,FALSE
RSC013706,Quagsire.,Inconveniences,Ball Chasers,670,750,Rostered,2,,Amateur,FALSE
RSC006719,pman,Mach Velocity,Valkyries,1905,1905,Rostered,2,,Premier,FALSE
RSC014111,DerpyAF,Mach Velocity,Valkyries,1850,1850,Rostered,2,,Premier,FALSE
RSC002125,Neoblastz,Mach Velocity,Valkyries,1835,1835,Rostered,2,,Premier,TRUE
RSC000381,Noriko,Mach Velocity,Valkyries,1820,1820,Rostered,2,,Premier,FALSE
RSC008169,Trickter02,Mach Velocity,Blackbirds,1770,1770,Rostered,1,,Master,FALSE
RSC007280,BallChasinq,Mach Velocity,Blackbirds,1710,1710,Rostered,2,,Master,FALSE
RSC007295,TheLegendaryChance,Mach Velocity,Blackbirds,1700,1700,Rostered,1,,Master,TRUE
RSC007115,Zoomin,Mach Velocity,Blackbirds,1635,1675,Rostered,1,,Master,FALSE
RSC006273,chawes.,Mach Velocity,Raptors,1645,1645,Rostered,1,,Elite,TRUE
RSC008330,Jammin,Mach Velocity,Raptors,1620,1620,Rostered,2,2026-06-07T12:00:00-04:00,Elite,FALSE
RSC002892,nickm,Mach Velocity,Raptors,1610,1610,Rostered,1,,Elite,FALSE
RSC000923,Stemantics,Mach Velocity,Raptors,1540,1540,Rostered,2,,Elite,FALSE
RSC007607,GameGang,Mach Velocity,Nighthawks,1505,1505,Rostered,2,,Veteran,FALSE
RSC007341,Squashy,Mach Velocity,Nighthawks,1495,1495,Rostered,1,,Veteran,FALSE
RSC007660,Shraxl,Mach Velocity,Nighthawks,1495,1495,Rostered,2,,Veteran,TRUE
RSC008170,Hypernova,Mach Velocity,Nighthawks,1465,1465,Rostered,2,,Veteran,FALSE
RSC012558,EthanAll01,Mach Velocity,Lightning,1435,1435,Rostered,2,,Rival,FALSE
RSC008000,ChefHoffy,Mach Velocity,Lightning,1390,1390,Rostered,2,,Rival,TRUE
RSC000140,Kaeso Clarus,Mach Velocity,Lightning,1370,1370,Rostered,1,,Rival,FALSE
RSC000848,WittingHalo64,Mach Velocity,Lightning,1350,1350,Rostered,2,,Rival,FALSE
RSC005253,dinnindu,Mach Velocity,Warthogs,1315,1315,Rostered,1,,Challenger,FALSE
RSC014168,Dizzieisbae,Mach Velocity,Warthogs,1260,1260,Rostered,2,,Challenger,FALSE
RSC009847,XGC Papercut,Mach Velocity,Warthogs,1255,1255,Rostered,2,,Challenger,FALSE
RSC003118,Mysty,Mach Velocity,Warthogs,1250,1250,Rostered,2,,Challenger,TRUE
RSC004866,zl Mango lz,Mach Velocity,Tomcats,1195,1195,Rostered,2,,Prospect,FALSE
RSC007657,Zenzen0607,Mach Velocity,Tomcats,1165,1165,Rostered,2,,Prospect,FALSE
RSC008365,ZonaHOMI,Mach Velocity,Tomcats,1165,1165,Rostered,1,,Prospect,TRUE
RSC013991,Ditto -_-,Mach Velocity,Tomcats,1140,1140,Rostered,2,,Prospect,FALSE
RSC013275,virchowtriad,Mach Velocity,Mustangs,1095,1095,Rostered,2,,Contender,FALSE
RSC006461,Cynical89,Mach Velocity,Mustangs,1050,1050,Rostered,1,,Contender,TRUE
RSC005550,Shraggaholic,Mach Velocity,Mustangs,1020,1020,Rostered,2,,Contender,FALSE
RSC009317,Gaymer_Jess207,Mach Velocity,Mustangs,980,980,Rostered,2,,Contender,FALSE
RSC007641,kaden,Minty Fresh,Double Mint,1865,1865,Rostered,2,,Premier,FALSE
RSC000579,crypt_rl,Minty Fresh,Double Mint,1860,1860,Rostered,1,,Premier,TRUE
RSC000278,Tinsel,Minty Fresh,Double Mint,1500,1815,Renewed,1,,Premier,FALSE
RSC006952,nave,Minty Fresh,Double Mint,1815,1815,Rostered,2,,Premier,FALSE
RSC005024,SSpekky,Minty Fresh,Glacier Mint,1770,1770,Rostered,2,,Master,FALSE
RSC004698,Slvr.,Minty Fresh,Glacier Mint,1710,1710,Rostered,2,,Master,FALSE
RSC000799,Foam,Minty Fresh,Glacier Mint,1685,1685,Rostered,2,,Master,FALSE
RSC000009,Timbo,Minty Fresh,Glacier Mint,1680,1680,Rostered,1,,Master,TRUE
RSC002161,TheAngryTryhard,Minty Fresh,Menthol,1620,1620,Rostered,2,2026-06-14T12:00:00-04:00,Elite,FALSE
RSC001199,Classy,Minty Fresh,Menthol,1605,1605,Rostered,2,,Elite,TRUE
RSC012908,Yovanny,Minty Fresh,Menthol,1585,1585,Rostered,2,,Elite,FALSE
RSC008955,Ivellios,Minty Fresh,Menthol,1550,1550,Rostered,2,,Elite,FALSE
RSC000626,Canadian Things,Minty Fresh,Peppermint,1500,1500,Rostered,1,,Veteran,TRUE
RSC005543,Null.Gamer,Minty Fresh,Peppermint,1500,1500,Rostered,2,,Veteran,FALSE
RSC002295,DEMOralize,Minty Fresh,Peppermint,1490,1490,Rostered,2,2026-06-03T12:00:00-04:00,Veteran,FALSE
RSC014093,Akuma,Minty Fresh,Peppermint,1465,1465,Rostered,2,,Veteran,FALSE
RSC013993,Idol,Minty Fresh,Polar Ice,1430,1430,Rostered,2,,Rival,FALSE
RSC006167,MagesticEagle1,Minty Fresh,Polar Ice,1395,1395,Rostered,1,,Rival,TRUE
RSC006643,Napkhan,Minty Fresh,Polar Ice,1355,1355,Rostered,2,,Rival,FALSE
RSC002128,Velo,Minty Fresh,Polar Ice,1340,1340,Rostered,1,,Rival,FALSE
RSC008592,Rezcoh,Minty Fresh,Spearmint,1330,1330,Rostered,2,,Challenger,FALSE
RSC004875,ProdiJoe,Minty Fresh,Spearmint,1320,1320,Rostered,2,,Challenger,FALSE
RSC005059,TechFour,Minty Fresh,Spearmint,1250,1250,Rostered,1,,Challenger,FALSE
RSC006322,Lorak,Minty Fresh,Spearmint,1230,1230,Rostered,1,,Challenger,TRUE
RSC014201,ABOU ALI,Minty Fresh,Tic Tacs,1205,1205,Rostered,2,,Prospect,FALSE
RSC007520,Blitzzzzz.,Minty Fresh,Tic Tacs,1150,1150,Rostered,2,,Prospect,TRUE
RSC008431,Wildragon112,Minty Fresh,Tic Tacs,1135,1135,Rostered,2,,Prospect,FALSE
RSC014077,Deby,Minty Fresh,Tic Tacs,1130,1130,Rostered,2,,Prospect,FALSE
RSC000259,Oni.,Mythical,Leviathans,1880,1880,Rostered,2,,Premier,TRUE
RSC000672,JK,Mythical,Leviathans,1845,1845,Rostered,2,,Premier,FALSE
RSC006889,Jay,Mythical,Leviathans,1840,1840,Rostered,2,,Premier,FALSE
RSC014135,beryy,Mythical,Leviathans,1840,1840,Rostered,2,,Premier,FALSE
RSC004955,Rafiki,Mythical,Reapers,1715,1715,Rostered,2,,Master,FALSE
RSC007895,Lup,Mythical,Reapers,1715,1715,Rostered,1,,Master,TRUE
RSC008198,Taiyo,Mythical,Reapers,1705,1705,Rostered,2,,Master,FALSE
RSC014006,DeltaJRomeo_,Mythical,Reapers,1685,1685,Rostered,2,,Master,FALSE
RSC004662,Dmxtt.,Mythical,Basilisks,1635,1635,Rostered,2,,Elite,FALSE
RSC008309,majical,Mythical,Basilisks,1630,1630,Rostered,2,,Elite,FALSE
RSC004109,Hawkish,Mythical,Basilisks,1590,1590,Rostered,1,,Elite,FALSE
RSC005831,Bladedraptor,Mythical,Basilisks,1550,1550,Rostered,2,,Elite,TRUE
RSC000314,Yoza,Mythical,Werewolves,1510,1510,Rostered,1,,Veteran,FALSE
RSC006700,Terx,Mythical,Werewolves,1490,1490,Rostered,2,,Veteran,FALSE
RSC006654,Chicken,Mythical,Werewolves,1465,1465,Rostered,2,,Veteran,FALSE
RSC007582,Wavy,Mythical,Werewolves,1450,1450,Rostered,1,,Veteran,TRUE
RSC003228,phyzixs.,Mythical,Dracos,1415,1415,Rostered,1,,Rival,FALSE
RSC007294,CF0UR_,Mythical,Dracos,1380,1380,Rostered,2,,Rival,TRUE
RSC008234,Its_Bran,Mythical,Dracos,1365,1365,Rostered,1,,Rival,FALSE
RSC003255,cozyboy,Mythical,Dracos,1355,1355,Rostered,1,,Rival,FALSE
RSC002049,stuckonthex,Mythical,Hydras,1295,1295,Rostered,2,,Challenger,FALSE
RSC014103,Reapdemon,Mythical,Hydras,1255,1255,Rostered,2,,Challenger,FALSE
RSC000233,LilPrsnWithAnger,Mythical,Hydras,1245,1245,Rostered,1,,Challenger,TRUE
RSC006835,xTapsol,Mythical,Hydras,1235,1235,Rostered,2,,Challenger,FALSE
RSC000656,Squeeezi,Mythical,Fairies,1220,1220,Rostered,1,,Prospect,FALSE
RSC012671,Goofball.-.,Mythical,Fairies,1155,1155,Rostered,1,,Prospect,TRUE
RSC008579,Giraffahuff,Mythical,Fairies,1135,1135,Rostered,2,,Prospect,FALSE
RSC008188,SludgeMixFuzz,Mythical,Fairies,1120,1120,Rostered,2,,Prospect,FALSE
RSC013793,mmmmgoodtoastRLL,Mythical,Sirens,1080,1080,Rostered,2,,Contender,FALSE
RSC005252,MysticMax07,Mythical,Sirens,1050,1050,Rostered,1,,Contender,FALSE
RSC008501,Netoven1,Mythical,Sirens,1015,1015,Rostered,1,,Contender,FALSE
RSC003153,Theman,Mythical,Sirens,990,990,Rostered,1,,Contender,TRUE
RSC002714,Nika,Pawverse,Cerberus,1865,1865,Rostered,2,,Premier,FALSE
RSC001977,T.,Pawverse,Cerberus,1860,1860,Rostered,2,2026-06-17T12:00:00-04:00,Premier,FALSE
RSC004580,Static,Pawverse,Cerberus,1810,1810,Rostered,2,,Premier,TRUE
RSC005524,RaunchyRomanian,Pawverse,Cerberus,1795,1795,Rostered,2,,Premier,FALSE
RSC006409,Reported.,Pawverse,Air Buds,1730,1730,Rostered,2,,Master,FALSE
RSC007984,Chadley,Pawverse,Air Buds,1715,1715,Rostered,1,,Master,FALSE
RSC007709,Killua wya,Pawverse,Air Buds,1660,1660,Rostered,1,,Master,FALSE
RSC012931,daysil,Pawverse,Hellhounds,1625,1625,Rostered,2,,Elite,FALSE
RSC007655,Geo,Pawverse,Hellhounds,1615,1615,Rostered,2,,Elite,TRUE
RSC010509,boywunder,Pawverse,Hellhounds,1605,1605,Rostered,2,,Elite,FALSE
RSC008535,Motion Aqua,Pawverse,Hellhounds,1555,1555,Rostered,2,,Elite,FALSE
RSC004780,KAYO,Pawverse,Middy Meowers,1515,1515,Rostered,1,,Veteran,TRUE
RSC002425,Kourses,Pawverse,Middy Meowers,1510,1510,Rostered,2,,Veteran,FALSE
RSC013860,Dokreo,Pawverse,Middy Meowers,1465,1465,Rostered,2,,Veteran,FALSE
RSC006490,Dayz,Pawverse,Middy Meowers,1445,1445,Rostered,1,,Veteran,FALSE
RSC014107,Dilpikle6801,Pawverse,Prowlers,1430,1430,Rostered,2,,Rival,TRUE
RSC013541,Hxvnly,Pawverse,Prowlers,1400,1400,Rostered,2,,Rival,FALSE
RSC005978,Xdraco0,Pawverse,Prowlers,1340,1340,Rostered,2,,Rival,FALSE
RSC012164,L3monhead22,Pawverse,Prowlers,1340,1340,Rostered,2,,Rival,FALSE
RSC004845,le bin.,Pawverse,Chew Toys,1325,1325,Rostered,2,,Challenger,FALSE
RSC004992,vince_afterhours,Pawverse,Chew Toys,1325,1325,Rostered,2,,Challenger,FALSE
RSC014212,xam_rl,Pawverse,Chew Toys,1255,1255,Rostered,2,,Challenger,TRUE
RSC007985,thegr8est34,Pawverse,Chew Toys,1230,1230,Rostered,2,,Challenger,FALSE
RSC014120,MidnightIguana,Pawverse,Ankle Biters,1195,1195,Rostered,2,,Prospect,FALSE
RSC013384,Ryan,Pawverse,Ankle Biters,1185,1185,Rostered,2,,Prospect,FALSE
RSC007321,Ecko,Pawverse,Ankle Biters,1130,1130,Rostered,2,2026-06-21T12:00:00-04:00,Prospect,FALSE
RSC012424,Eskonor.,Pawverse,Ankle Biters,1120,1120,Rostered,1,,Prospect,TRUE
RSC013734,Nevster.,Remove Before Flight,Afterburners,1655,1655,Rostered,2,,Elite,FALSE
RSC009926,Eggie-,Remove Before Flight,Afterburners,1590,1590,Rostered,2,,Elite,FALSE
RSC012894,Devyze,Remove Before Flight,Afterburners,1590,1590,Rostered,1,,Elite,FALSE
RSC006613,steel.reserve,Remove Before Flight,Afterburners,1575,1575,Rostered,1,,Elite,TRUE
RSC007856,Captain Daddy,Remove Before Flight,Dogfight,1525,1525,Rostered,2,,Veteran,TRUE
RSC005664,LEBRON JAMES,Remove Before Flight,Dogfight,1505,1505,Rostered,2,2026-05-20T12:00:00-04:00,Veteran,FALSE
RSC005088,13,Remove Before Flight,Dogfight,1475,1475,Rostered,2,,Veteran,FALSE
RSC005703,ShoddyWolfman,Remove Before Flight,Dogfight,1410,1460,Renewed,1,,Veteran,FALSE
RSC003904,Tyyphoon454,Remove Before Flight,Jets,1435,1435,Rostered,1,,Rival,TRUE
RSC007960,Kayo04,Remove Before Flight,Jets,1405,1405,Rostered,2,,Rival,FALSE
RSC013163,Boomer Knock,Remove Before Flight,Jets,1365,1365,Rostered,2,,Rival,FALSE
RSC005689,Ary,Remove Before Flight,Jets,1340,1340,Rostered,2,,Rival,FALSE
RSC008567,heyy_17,Remove Before Flight,Warbirds,1335,1335,Rostered,2,,Challenger,FALSE
RSC013048,GamerNamedLouis,Remove Before Flight,Warbirds,1275,1275,Rostered,1,,Challenger,FALSE
RSC012964,Czelco,Remove Before Flight,Warbirds,1255,1255,Rostered,2,,Challenger,FALSE
RSC008215,DARK_ RL,Remove Before Flight,Warbirds,1200,1250,Rostered,1,,Challenger,TRUE
RSC013822,Loganhockey25,Remove Before Flight,Turbulence,1220,1220,Rostered,2,,Prospect,FALSE
RSC003186,Rolf,Remove Before Flight,Turbulence,1165,1165,Rostered,1,,Prospect,TRUE
RSC004952,Perry The Platypus,Remove Before Flight,Turbulence,1105,1105,Rostered,2,,Prospect,FALSE
RSC007141,Cuddlingus,Remove Before Flight,Turbulence,1100,1100,Rostered,2,,Prospect,FALSE
RSC008257,Arana5418,Remove Before Flight,Aeronauts,1090,1090,Rostered,2,2026-06-10T12:00:00-04:00,Contender,FALSE
RSC008147,CrucialUrchin,Remove Before Flight,Aeronauts,1060,1060,Rostered,2,2026-06-03T12:00:00-04:00,Contender,TRUE
RSC012758,iiHeapCheap,Remove Before Flight,Aeronauts,1035,1035,Rostered,1,,Contender,FALSE
RSC013331,llokxz,Remove Before Flight,Aeronauts,935,935,Rostered,2,,Contender,FALSE
RSC014075,Sloth,Remove Before Flight,Bombers,905,905,Rostered,2,,Amateur,FALSE
RSC007852,Medicmac121,Remove Before Flight,Bombers,870,870,Rostered,1,,Amateur,TRUE
RSC004190,demonikgoat2,Remove Before Flight,Bombers,770,770,Rostered,2,2026-06-14T12:00:00-04:00,Amateur,FALSE
RSC013899,Bluefac3s,Remove Before Flight,Bombers,690,750,Rostered,2,,Amateur,FALSE
RSC002916,Nixzy,Safari,Leopards,1625,1625,Rostered,2,,Elite,FALSE
RSC013228,Generallyabot,Safari,Leopards,1625,1625,Rostered,2,,Elite,FALSE
RSC008384,NotLuke9,Safari,Leopards,1585,1585,Rostered,1,,Elite,TRUE
RSC002579,saltybikini,Safari,Leopards,1550,1550,Rostered,1,,Elite,FALSE
RSC008364,Ken Whiffey Jr.,Safari,Giraffes,1525,1525,Rostered,1,,Veteran,TRUE
RSC008172,Vera,Safari,Giraffes,1505,1505,Rostered,1,,Veteran,FALSE
RSC007331,Ikigai,Safari,Giraffes,1470,1470,Rostered,2,,Veteran,FALSE
RSC005834,IIIYummyIIII,Safari,Giraffes,1445,1445,Rostered,2,,Veteran,FALSE
RSC007256,DarkOnDisplayRW7,Safari,Hippos,1430,1430,Rostered,1,,Rival,FALSE
RSC007904,oh bwan,Safari,Hippos,1375,1375,Rostered,1,,Rival,TRUE
RSC008533,Malik_P4,Safari,Hippos,1360,1360,Rostered,2,,Rival,FALSE
RSC008341,haileyset,Safari,Hippos,1350,1350,Rostered,2,,Rival,FALSE
RSC007370,Jarrod81535,Safari,Lions,1325,1325,Rostered,2,,Challenger,FALSE
RSC005521,Sohl,Safari,Lions,1280,1280,Rostered,2,,Challenger,TRUE
RSC008357,tiagosan _,Safari,Lions,1265,1265,Rostered,2,,Challenger,FALSE
RSC012900,SquattyPotty737,Safari,Lions,1240,1240,Rostered,1,,Challenger,FALSE
RSC008650,Pizza Flavored,Safari,Honey Badgers,1210,1210,Rostered,2,,Prospect,FALSE
RSC007537,yoshawatt,Safari,Honey Badgers,1185,1185,Rostered,2,,Prospect,TRUE
RSC003737,MeOnDisplay,Safari,Honey Badgers,1155,1155,Rostered,2,,Prospect,FALSE
RSC005488,bnj ._.,Safari,Honey Badgers,1105,1105,Rostered,1,,Prospect,FALSE
RSC014085,bradyisadopted,Safari,Zorillas,1075,1075,Rostered,2,,Contender,FALSE
RSC007464,MoonKnight2,Safari,Zorillas,1015,1015,Rostered,1,,Contender,FALSE
RSC008136,GeneralLeigh91,Safari,Zorillas,1015,1015,Rostered,2,,Contender,TRUE
RSC006127,BonsaiPanda1775,Safari,Zorillas,980,980,Inactive Reserve,2,,Contender,FALSE
RSC003598,Golden2681,Safari,Zorillas,975,975,Rostered,2,2026-05-31T12:00:00-04:00,Contender,FALSE
RSC006375,Rich-Rollin6060G,Safari,Dik-diks,885,885,Rostered,1,,Amateur,TRUE
RSC007216,ASAPxLEG,Safari,Dik-diks,880,880,Rostered,1,,Amateur,FALSE
RSC000323,Styk75,Safari,Dik-diks,850,850,Rostered,2,,Amateur,FALSE
RSC013770,Budz_973,Safari,Dik-diks,780,780,Rostered,2,,Amateur,FALSE
RSC006327,Zippy,Shark Attack,Helicoprions,1730,1730,Rostered,2,,Master,TRUE
RSC007166,nelz,Shark Attack,Helicoprions,1730,1730,Rostered,1,,Master,FALSE
RSC006783,ImSouperGreat,Shark Attack,Helicoprions,1680,1680,Rostered,1,,Master,FALSE
RSC006972,Galaxiezz.,Shark Attack,Helicoprions,1670,1670,Inactive Reserve,1,,Master,FALSE
RSC007907,chazie.,Shark Attack,Helicoprions,1660,1660,Rostered,2,,Master,FALSE
RSC014057,River.,Shark Attack,Great Whites,1655,1655,Rostered,2,,Elite,FALSE
RSC014001,Sno1w,Shark Attack,Great Whites,1625,1625,Rostered,2,,Elite,FALSE
RSC009461,Deadsinho,Shark Attack,Great Whites,1515,1565,Rostered,1,,Elite,FALSE
RSC003830,bradyK-,Shark Attack,Great Whites,1545,1545,Rostered,1,,Elite,TRUE
RSC002544,CKNFanboy67,Shark Attack,Makos,1525,1525,Rostered,1,,Veteran,TRUE
RSC000200,Jonezy,Shark Attack,Makos,1485,1485,Rostered,2,,Veteran,FALSE
RSC006089,PopZ11,Shark Attack,Makos,1480,1480,Rostered,2,,Veteran,FALSE
RSC008415,StorchBurn,Shark Attack,Makos,1425,1460,Rostered,1,,Veteran,FALSE
RSC014114,fluffy_turtles15,Shark Attack,Hammerheads,1420,1420,Rostered,2,,Rival,FALSE
RSC000300,2k,Shark Attack,Hammerheads,1390,1390,Rostered,2,,Rival,TRUE
RSC013888,Dulkir,Shark Attack,Hammerheads,1385,1385,Rostered,2,2026-05-24T12:00:00-04:00,Rival,FALSE
RSC004051,BongoUnchained,Shark Attack,Hammerheads,1350,1350,Rostered,2,,Rival,FALSE
RSC000625,Sly,Shark Attack,Threshers,1320,1320,Rostered,1,,Challenger,TRUE
RSC014156,Zero . RL,Shark Attack,Threshers,1275,1275,Rostered,2,,Challenger,FALSE
RSC013046,GIANT-LION-BIRD,Shark Attack,Threshers,1270,1270,Rostered,2,,Challenger,FALSE
RSC007816,Auty RL,Shark Attack,Threshers,1225,1225,Rostered,1,,Challenger,FALSE
RSC005844,xr.,Shark Attack,Blacktips,1185,1185,Rostered,2,,Prospect,TRUE
RSC007939,bryan_rown_,Shark Attack,Blacktips,1185,1185,Rostered,2,,Prospect,FALSE
RSC014139,JKEO01,Shark Attack,Blacktips,1145,1145,Rostered,2,,Prospect,FALSE
RSC005884,Zachthebull36,Shark Attack,Blacktips,1110,1110,Rostered,2,,Prospect,FALSE
RSC013928,daddybobgaming,Shark Attack,Wobbegongs,1085,1085,Rostered,2,,Contender,FALSE
RSC014100,Pistonless,Shark Attack,Wobbegongs,1065,1065,Rostered,2,,Contender,FALSE
RSC014098,BlackAngel7533,Shark Attack,Wobbegongs,1000,1000,Rostered,2,,Contender,FALSE
RSC008419,iSilently,Shark Attack,Wobbegongs,970,970,Rostered,2,,Contender,TRUE
RSC014143,Oni,Shell Corp,Embezzlers,1600,1600,Rostered,2,,Elite,FALSE
RSC008132,NastyNate,Shell Corp,Embezzlers,1595,1595,Rostered,2,,Elite,FALSE
RSC014025,Chillax,Shell Corp,Embezzlers,1585,1585,Rostered,2,2026-06-03T12:00:00-04:00,Elite,FALSE
RSC008664,BillyGatez,Shell Corp,Embezzlers,1570,1570,Rostered,1,,Elite,TRUE
RSC014215,bbfreshxi,Shell Corp,Pump and Dump,1530,1530,Rostered,2,,Veteran,FALSE
RSC004220,Makaveli,Shell Corp,Pump and Dump,1510,1510,Rostered,2,,Veteran,TRUE
RSC004239,Nitro,Shell Corp,Pump and Dump,1465,1465,Rostered,1,,Veteran,TRUE
RSC001612,Reverse Fridge,Shell Corp,Pump and Dump,1460,1460,Rostered,1,,Veteran,FALSE
RSC006489,bayylock,Shell Corp,Tax Evaders,1415,1415,Rostered,2,,Rival,TRUE
RSC006477,XtraCrispyRL,Shell Corp,Tax Evaders,1395,1395,Rostered,2,2026-06-21T12:00:00-04:00,Rival,FALSE
RSC007950,Mage,Shell Corp,Tax Evaders,1365,1365,Rostered,2,,Rival,FALSE
RSC005960,Hyper,Shell Corp,Tax Evaders,1345,1345,Rostered,2,,Rival,FALSE
RSC003536,Charlemagne,Shell Corp,Insider Traders,1320,1320,Rostered,2,,Challenger,TRUE
RSC008340,Slowsociety,Shell Corp,Insider Traders,1275,1275,Rostered,2,,Challenger,FALSE
RSC003897,HalfieHour,Shell Corp,Insider Traders,1270,1270,Rostered,1,,Challenger,FALSE
RSC008158,Twixxle_,Shell Corp,Insider Traders,1240,1240,Rostered,2,2026-05-20T12:00:00-04:00,Challenger,FALSE
RSC003498,Merioch,Shell Corp,Hostile Takeover,1215,1215,Rostered,1,,Prospect,FALSE
RSC007692,DyLon777,Shell Corp,Hostile Takeover,1175,1175,Rostered,1,,Prospect,FALSE
RSC004901,Dofrl,Shell Corp,Hostile Takeover,1145,1145,Rostered,2,,Prospect,FALSE
RSC006344,FerrisCrueller,Shell Corp,Hostile Takeover,1130,1130,Rostered,1,,Prospect,TRUE
RSC008451,Ryguy2flie,Shell Corp,Ponzi Schemers,1090,1090,Rostered,1,,Contender,FALSE
RSC003429,Gambit,Shell Corp,Ponzi Schemers,1085,1085,Rostered,1,,Contender,TRUE
RSC007270,D0peyFsh,Shell Corp,Ponzi Schemers,1040,1040,Rostered,1,,Contender,TRUE
RSC012819,Monteca,Shell Corp,Ponzi Schemers,1020,1020,Inactive Reserve,1,,Contender,FALSE
RSC006443,ONLYSLIM2198,Shell Corp,Ponzi Schemers,930,930,Rostered,2,,Contender,FALSE
RSC012561,Regal_king1,Shell Corp,HR Violation,905,905,Rostered,2,,Amateur,TRUE
RSC013179,Budzy,Shell Corp,HR Violation,875,875,Rostered,2,,Amateur,FALSE
RSC012535,OnContract,Shell Corp,HR Violation,815,815,Rostered,2,,Amateur,FALSE
RSC008402,TTV/DucksNotKeys,Shell Corp,HR Violation,785,785,Rostered,2,,Amateur,FALSE
RSC002167,tokyo.,The Bear Den,Gummy Bears,1915,1915,Rostered,2,,Premier,FALSE
RSC000181,Eclipse,The Bear Den,Gummy Bears,1855,1855,Rostered,1,,Premier,FALSE
RSC005170,FrenchyNF,The Bear Den,Gummy Bears,1845,1845,Rostered,1,,Premier,TRUE
RSC000241,Geherpaderp,The Bear Den,Gummy Bears,1795,1795,Rostered,2,,Premier,FALSE
RSC007565,AcX,The Bear Den,Care Bears,1735,1735,Rostered,1,,Master,FALSE
RSC008094,JoshuaNaoki,The Bear Den,Care Bears,1730,1730,Rostered,1,,Master,TRUE
RSC005298,Kaisaroh,The Bear Den,Care Bears,1710,1710,Rostered,2,,Master,FALSE
RSC005236,Rozi-,The Bear Den,Care Bears,1660,1660,Rostered,2,,Master,FALSE
RSC001889,Phelpsy,The Bear Den,Teddy Bears,1630,1630,Rostered,1,,Elite,FALSE
RSC006468,AlphaChuck,The Bear Den,Teddy Bears,1610,1610,Rostered,2,,Elite,TRUE
RSC008478,Inflict,The Bear Den,Teddy Bears,1590,1590,Rostered,1,,Elite,FALSE
RSC011326,Bailey,The Bear Den,Teddy Bears,1575,1575,Rostered,2,,Elite,FALSE
RSC005485,Exilesbad,The Bear Den,Grizzly Bears,1505,1505,Rostered,2,,Veteran,FALSE
RSC002730,Aquap,The Bear Den,Grizzly Bears,1500,1500,Rostered,1,,Veteran,FALSE
RSC008552,S0UL09,The Bear Den,Grizzly Bears,1475,1475,Rostered,1,,Veteran,FALSE
RSC008231,Afino,The Bear Den,Grizzly Bears,1450,1450,Rostered,1,,Veteran,TRUE
RSC005276,Dc,The Bear Den,Polar Bears,1435,1435,Rostered,1,,Rival,FALSE
RSC007590,Donkeh .,The Bear Den,Polar Bears,1415,1415,Rostered,2,2026-05-20T12:00:00-04:00,Rival,FALSE
RSC003239,Wallaby Gangsta,The Bear Den,Polar Bears,1360,1360,Rostered,1,,Rival,TRUE
RSC007144,The_Killerwon,The Bear Den,Polar Bears,1340,1340,Rostered,2,,Rival,FALSE
RSC003243,Jerxe,The Bear Den,Panda Bears,1305,1305,Rostered,2,2026-06-14T12:00:00-04:00,Challenger,FALSE
RSC008550,ChromaToad,The Bear Den,Panda Bears,1300,1300,Rostered,2,,Challenger,FALSE
RSC002897,VickyViksta,The Bear Den,Panda Bears,1205,1250,Rostered,1,,Challenger,FALSE
RSC006067,ShinxX403,The Bear Den,Panda Bears,1230,1230,Rostered,1,,Challenger,TRUE
RSC003900,Tryhard goblin,The Bear Den,Koala Bears,1210,1210,Rostered,2,,Prospect,FALSE
RSC008492,Unc_Rez,The Bear Den,Koala Bears,1130,1130,Rostered,2,,Prospect,TRUE
RSC004565,Ole.Mr.Bison.,The Bear Den,Koala Bears,1125,1125,Inactive Reserve,2,,Prospect,FALSE
RSC013619,ETernal FAnaTiC1,The Bear Den,Koala Bears,1125,1125,Rostered,2,2026-06-10T12:00:00-04:00,Prospect,FALSE
RSC003848,TheAirGerbil,The Bear Den,Koala Bears,1110,1110,Rostered,2,,Prospect,FALSE
RSC007791,Keso-_-_-,The Bear Den,Kodiak Bears,1090,1090,Rostered,2,,Contender,TRUE
RSC013109,TTVst1x4r,The Bear Den,Kodiak Bears,1070,1070,Rostered,2,,Contender,FALSE
RSC006381,YERP_YERP02,The Bear Den,Kodiak Bears,1020,1020,Rostered,2,,Contender,FALSE
RSC007220,maxf,The Bear Den,Kodiak Bears,940,940,Rostered,2,,Contender,FALSE
RSC014019,insxner,The Casino,Jokers,1910,1910,Rostered,2,,Premier,FALSE
RSC001903,Plasma,The Casino,Jokers,1830,1830,Rostered,2,2026-05-17T12:00:00-04:00,Premier,FALSE
RSC003749,Rule,The Casino,Jokers,1815,1815,Rostered,2,,Premier,TRUE
RSC000657,Saucey,The Casino,Jokers,1795,1795,Rostered,1,,Premier,FALSE
RSC004717,slain.,The Casino,Aces,1740,1740,Rostered,1,,Master,FALSE
RSC000329,Melted,The Casino,Aces,1700,1700,Rostered,2,,Master,TRUE
RSC001935,Kenobs,The Casino,Aces,1695,1695,Rostered,2,,Master,FALSE
RSC006985,Skep._.,The Casino,Aces,1670,1670,Rostered,2,,Master,FALSE
RSC008461,Kos,The Casino,Kings,1625,1625,Rostered,2,,Elite,FALSE
RSC004650,solurr,The Casino,Kings,1620,1620,Rostered,2,,Elite,TRUE
RSC008655,ReL Corsa,The Casino,Kings,1610,1610,Rostered,2,2026-05-27T12:00:00-04:00,Elite,FALSE
RSC005469,Axlos (Goofy and Silly),The Casino,Kings,1565,1565,Rostered,2,,Elite,FALSE
RSC005778,Kwispay,The Casino,Blackjack,1520,1520,Rostered,2,,Veteran,TRUE
RSC005577,Ryan.,The Casino,Blackjack,1510,1510,Rostered,2,,Veteran,FALSE
RSC013981,R1NZEY,The Casino,Blackjack,1495,1495,Rostered,2,2026-06-10T12:00:00-04:00,Veteran,FALSE
RSC013059,Zeke is help,The Casino,Blackjack,1445,1445,Rostered,2,2026-05-27T12:00:00-04:00,Veteran,FALSE
RSC006774,JazzMagic.,The Casino,Dice,1440,1440,Rostered,1,,Rival,TRUE
RSC005691,Dr.Ukulele,The Casino,Dice,1390,1390,Rostered,2,2026-05-31T12:00:00-04:00,Rival,FALSE
RSC008487,S3 UniQ,The Casino,Dice,1355,1355,Rostered,2,2026-05-20T12:00:00-04:00,Rival,FALSE
RSC013069,Saint Fenrir,The Casino,Dice,1350,1350,Rostered,2,2026-06-07T12:00:00-04:00,Rival,FALSE
RSC006908,OvrSizedFrog,The Casino,All On Black,1305,1305,Rostered,2,,Challenger,FALSE
RSC006777,AlteredSp4rky,The Casino,All On Black,1300,1300,Rostered,1,,Challenger,FALSE
RSC002427,Free.,The Casino,All On Black,1290,1290,Rostered,1,,Challenger,FALSE
RSC006346,MobBossCitrus,The Casino,All On Black,1255,1255,Rostered,1,,Challenger,TRUE
RSC004303,Shogun,The Casino,Card Dealers,1195,1195,Rostered,2,,Prospect,TRUE
RSC002554,TrexReaper,The Casino,Card Dealers,1185,1185,Rostered,2,,Prospect,FALSE
RSC002511,Moist_Games,The Casino,Card Dealers,1145,1145,Rostered,2,,Prospect,FALSE
RSC013787,Classy gary,The Casino,Card Dealers,1140,1140,Rostered,2,,Prospect,FALSE
RSC014130,Whitlock7,The Cosmos,Super Clusters,1950,1950,Rostered,2,,Premier,FALSE
RSC000996,GreenSleeves,The Cosmos,Super Clusters,1830,1830,Rostered,2,,Premier,FALSE
RSC003008,GeneralZippy,The Cosmos,Super Clusters,1825,1825,Rostered,2,,Premier,TRUE
RSC004132,RobFromRSC,The Cosmos,Super Clusters,1800,1800,Rostered,1,,Premier,FALSE
RSC007414,EliTW22Playz,The Cosmos,Andromeda,1770,1770,Rostered,2,,Master,TRUE
RSC014119,Pillow,The Cosmos,Andromeda,1680,1680,Rostered,2,,Master,FALSE
RSC013858,Dyloh(?),The Cosmos,Andromeda,1675,1675,Rostered,2,,Master,FALSE
RSC005385,Girth,The Cosmos,Andromeda,1660,1660,Rostered,2,,Master,FALSE
RSC008594,ZombZombs,The Cosmos,Black-Holes,1630,1630,Rostered,1,,Elite,FALSE
RSC012372,Icyissad,The Cosmos,Black-Holes,1615,1615,Rostered,2,,Elite,FALSE
RSC008070,AngryPenguin0811,The Cosmos,Black-Holes,1575,1575,Rostered,2,,Elite,TRUE
RSC010460,juan,The Cosmos,Black-Holes,1575,1575,Rostered,2,,Elite,FALSE
RSC002937,SirTommyNoble,The Cosmos,Supernova,1525,1525,Rostered,2,,Veteran,FALSE
RSC007327,ResetTillBurger,The Cosmos,Supernova,1495,1495,Rostered,1,,Veteran,TRUE
RSC008411,cosmo6430,The Cosmos,Supernova,1470,1470,Rostered,2,,Veteran,FALSE
RSC008288,WifiWFB,The Cosmos,Supernova,1465,1465,Rostered,2,,Veteran,FALSE
RSC008524,legal account,The Cosmos,Quasars,1420,1420,Rostered,1,,Rival,FALSE
RSC006072,AveX InceptionZ,The Cosmos,Quasars,1355,1355,Rostered,1,,Rival,TRUE
RSC009235,On3x.,The Cosmos,Quasars,1245,1355,Rostered,2,2026-06-07T12:00:00-04:00,Rival,FALSE
RSC008360,Merk890,The Cosmos,Quasars,1345,1345,Rostered,2,,Rival,FALSE
RSC014104,Sunex,The Cosmos,Blitzars,1320,1320,Rostered,2,,Challenger,TRUE
RSC005892,Quazzaa,The Cosmos,Blitzars,1290,1290,Rostered,2,,Challenger,FALSE
RSC005094,Dorphin 2ez,The Cosmos,Blitzars,1285,1285,Rostered,2,,Challenger,FALSE
RSC005519,pokeninja77,The Cosmos,Blitzars,1255,1255,Rostered,2,,Challenger,FALSE
RSC009742,KTVerse,The Cosmos,Dark Matter,1220,1220,Rostered,2,,Prospect,FALSE
RSC014112,exo.$,The Cosmos,Dark Matter,1185,1185,Rostered,2,,Prospect,TRUE
RSC011044,The_Cletus,The Cosmos,Dark Matter,1130,1130,Rostered,2,,Prospect,FALSE
RSC006369,nate,The Cosmos,Dark Matter,1120,1120,Rostered,2,,Prospect,FALSE
RSC008441,Izumi._._.,The Cosmos,Nebulae,1080,1080,Rostered,2,,Contender,TRUE
RSC003791,Frankieeagle,The Cosmos,Nebulae,1060,1060,Rostered,2,,Contender,FALSE
RSC013481,LiTeS 0uT,The Cosmos,Nebulae,1050,1050,Rostered,2,,Contender,FALSE
RSC006422,HuggingThor,The Cosmos,Nebulae,935,935,Rostered,2,,Contender,FALSE
RSC012891,MZFdoom,The Elements,Fire,1640,1640,Rostered,2,,Elite,FALSE
RSC008500,Alejandro55,The Elements,Fire,1620,1620,Rostered,2,,Elite,TRUE
RSC014198,moti,The Elements,Fire,1595,1595,Rostered,2,,Elite,FALSE
RSC002691,iSuperiorAlpha,The Elements,Fire,1550,1550,Rostered,2,2026-06-17T12:00:00-04:00,Elite,FALSE
RSC008554,golden4789,The Elements,Water,1515,1515,Rostered,2,,Veteran,FALSE
RSC005655,Oneplayamaker,The Elements,Water,1500,1500,Rostered,2,,Veteran,TRUE
RSC007062,Ice Phoenix,The Elements,Water,1480,1480,Rostered,2,,Veteran,FALSE
RSC007143,OmniMurders,The Elements,Water,1460,1460,Rostered,2,2026-06-03T12:00:00-04:00,Veteran,FALSE
RSC009791,1ggy._,The Elements,Wind,1440,1440,Rostered,2,2026-06-07T12:00:00-04:00,Rival,FALSE
RSC005386,Danub,The Elements,Wind,1380,1380,Rostered,2,,Rival,TRUE
RSC006138,cherrypupp,The Elements,Wind,1360,1360,Rostered,1,,Rival,FALSE
RSC012971,M,The Elements,Wind,1355,1355,Rostered,2,,Rival,FALSE
RSC012930,Hxccxp,The Elements,Metal,1330,1330,Rostered,1,,Challenger,FALSE
RSC013153,ChristSavedRev,The Elements,Metal,1300,1300,Rostered,2,,Challenger,FALSE
RSC006748,Llamaboy101,The Elements,Metal,1270,1270,Rostered,1,,Challenger,TRUE
RSC013054,YasuCobra,The Elements,Metal,1225,1225,Rostered,1,,Challenger,FALSE
RSC007153,Wash3y,The Elements,Earth,1175,1175,Rostered,2,,Prospect,FALSE
RSC001881,oDynastyo,The Elements,Earth,1145,1145,Rostered,2,,Prospect,FALSE
RSC003335,xEaglex20x,The Elements,Earth,1135,1135,Rostered,1,,Prospect,TRUE
RSC002736,chulainn,The Elements,Earth,1130,1130,Rostered,2,,Prospect,FALSE
RSC007621,Classy-God57,The Elements,Ice,1050,1050,Rostered,2,,Contender,TRUE
RSC008471,TrytonsShadow95,The Elements,Ice,1045,1045,Rostered,2,,Contender,FALSE
RSC013736,b00kre,The Elements,Ice,1035,1035,Rostered,2,,Contender,FALSE
RSC012892,Ur.Fav.Spirit,The Elements,Ice,1010,1010,Rostered,2,2026-06-14T12:00:00-04:00,Contender,FALSE
RSC000989,Piky Life88,The Elements,Surprise,910,910,Rostered,2,,Amateur,FALSE
RSC007161,Ander,The Elements,Surprise,875,875,Rostered,2,,Amateur,TRUE
RSC014074,Hoodlumdoom,The Elements,Surprise,825,825,Rostered,2,2026-06-03T12:00:00-04:00,Amateur,FALSE
RSC014053,Ace112506,The Elements,Surprise,565,750,Rostered,2,,Amateur,FALSE
RSC008343,surreal,The Jungle,Capybaras,2040,2000,Rostered,2,,Premier,FALSE
RSC004208,Super,The Jungle,Capybaras,1820,1820,Rostered,2,,Premier,FALSE
RSC006087,DoorTK,The Jungle,Capybaras,1805,1805,Rostered,2,,Premier,TRUE
RSC008174,DJ,The Jungle,Capybaras,1785,1785,Rostered,1,,Premier,FALSE
RSC005499,R0cket,The Jungle,Lemurs,1775,1775,Rostered,1,,Master,FALSE
RSC000344,Mezmer,The Jungle,Lemurs,1715,1715,Rostered,2,,Master,TRUE
RSC008539,Shune.,The Jungle,Lemurs,1695,1695,Rostered,1,,Master,FALSE
RSC000408,Xero,The Jungle,Lemurs,1660,1660,Rostered,2,2026-06-17T12:00:00-04:00,Master,FALSE
RSC013980,Insert_e,The Jungle,Sloths,1645,1645,Rostered,2,,Elite,FALSE
RSC007811,Gray,The Jungle,Sloths,1620,1620,Rostered,2,,Elite,TRUE
RSC005482,benny?,The Jungle,Sloths,1585,1585,Rostered,2,,Elite,FALSE
RSC003561,Dooober,The Jungle,Sloths,1570,1570,Rostered,2,,Elite,FALSE
RSC005048,Heyzisthename,The Jungle,Gorillas,1515,1515,Rostered,2,,Veteran,TRUE
RSC012784,StanleyMilkner,The Jungle,Gorillas,1510,1510,Rostered,2,,Veteran,FALSE
RSC008553,Choco,The Jungle,Gorillas,1485,1485,Rostered,2,,Veteran,FALSE
RSC013873,robotman321,The Jungle,Gorillas,1450,1450,Rostered,2,,Veteran,FALSE
RSC006938,Soda. .,The Jungle,Ocelots,1440,1440,Rostered,2,,Rival,TRUE
RSC008527,HouseHoldNugg,The Jungle,Ocelots,1400,1400,Rostered,2,,Rival,FALSE
RSC008562,lul za za,The Jungle,Ocelots,1360,1360,Rostered,2,2026-05-20T12:00:00-04:00,Rival,FALSE
RSC007624,RealMrGreen,The Jungle,Ocelots,1345,1345,Rostered,2,,Rival,FALSE
RSC012674,R1PP_LLAMA5,The Jungle,Toucans,1320,1320,Rostered,1,,Challenger,FALSE
RSC002413,dafiya711,The Jungle,Toucans,1285,1285,Rostered,2,,Challenger,TRUE
RSC008249,imtobad00,The Jungle,Toucans,1280,1280,Rostered,2,,Challenger,FALSE
RSC008556,jizko,The Jungle,Toucans,1270,1270,Rostered,1,,Challenger,FALSE
RSC007502,SleepyCrimson_,The Jungle,Okapis,1215,1215,Rostered,2,,Prospect,FALSE
RSC000347,Chris.,The Jungle,Okapis,1190,1190,Rostered,2,,Prospect,TRUE
RSC006353,Novarchite,The Jungle,Okapis,1160,1160,Rostered,1,,Prospect,FALSE
RSC013052,Drippin_Ice1,The Jungle,Okapis,1105,1105,Rostered,2,,Prospect,FALSE
RSC003334,vidhawk rl,The King's Court,Lords,1895,1895,Rostered,1,,Premier,TRUE
RSC008244,Oghma,The King's Court,Lords,1890,1890,Rostered,2,,Premier,FALSE
RSC004215,Tsheg,The King's Court,Lords,1835,1835,Rostered,2,2026-05-24T12:00:00-04:00,Premier,FALSE
RSC008576,Sangani,The King's Court,Lords,1780,1780,Rostered,2,,Premier,FALSE
RSC005690,DQ.,The King's Court,Diplomats,1775,1775,Rostered,1,,Master,FALSE
RSC007269,Navik,The King's Court,Diplomats,1725,1725,Rostered,1,,Master,TRUE
RSC006494,Jimby,The King's Court,Diplomats,1670,1670,Rostered,2,,Master,FALSE
RSC005274,KING.,The King's Court,Diplomats,1660,1660,Rostered,2,,Master,FALSE
RSC005508,Lil Windex,The King's Court,Commanders,1645,1645,Rostered,2,,Elite,FALSE
RSC005375,Ay G.,The King's Court,Commanders,1635,1635,Rostered,2,,Elite,FALSE
RSC006947,HaZard,The King's Court,Commanders,1565,1565,Rostered,2,,Elite,TRUE
RSC010292,Swayyuh.,The King's Court,Commanders,1550,1550,Rostered,2,,Elite,FALSE
RSC008599,parka,The King's Court,Mages,1510,1510,Rostered,1,,Veteran,FALSE
RSC007720,trock,The King's Court,Mages,1500,1500,Rostered,1,,Veteran,FALSE
RSC007017,Speed_demon1215,The King's Court,Mages,1475,1475,Rostered,1,,Veteran,TRUE
RSC002230,Steem,The King's Court,Mages,1465,1465,Rostered,2,,Veteran,FALSE
RSC007132,D:,The King's Court,Guards,1420,1420,Rostered,2,,Rival,FALSE
RSC006639,Zxphyrs,The King's Court,Guards,1405,1405,Rostered,2,,Rival,TRUE
RSC008154,Blurrryy.,The King's Court,Guards,1370,1370,Rostered,2,,Rival,FALSE
RSC006372,x ARC Fives x,The King's Court,Guards,1285,1355,Rostered,2,,Rival,FALSE
RSC000379,DrizzyJ,The King's Court,Scribes,1325,1325,Rostered,1,,Challenger,TRUE
RSC008337,BBlaazee.,The King's Court,Scribes,1300,1300,Rostered,2,2026-06-07T12:00:00-04:00,Challenger,FALSE
RSC013668,JediPenguin_,The King's Court,Scribes,1265,1265,Rostered,2,2026-06-17T12:00:00-04:00,Challenger,FALSE
RSC003069,Emjay,The King's Court,Scribes,1225,1225,Rostered,2,,Challenger,FALSE
RSC012637,ShxdowBat,The King's Court,Merchants,1215,1215,Rostered,2,,Prospect,FALSE
RSC002663,Animosity,The King's Court,Merchants,1165,1165,Rostered,2,,Prospect,FALSE
RSC002408,Gmoney,The King's Court,Merchants,1150,1150,Rostered,2,,Prospect,FALSE
RSC000686,mom jeans xl,The King's Court,Merchants,1090,1120,Rostered,1,,Prospect,TRUE
RSC012867,waynswrld,The King's Court,Jesters,1060,1060,Rostered,2,2026-06-10T12:00:00-04:00,Contender,FALSE
RSC008327,tempo_rl_ttv,The King's Court,Jesters,1050,1050,Rostered,2,2026-05-24T12:00:00-04:00,Contender,FALSE
RSC008245,j_durv,The King's Court,Jesters,1045,1045,Rostered,2,2026-06-03T12:00:00-04:00,Contender,FALSE
RSC008130,BeardedFrodo1,The King's Court,Jesters,975,975,Rostered,2,2026-05-17T12:00:00-04:00,Contender,TRUE
RSC008601,Velocheerio,The Quad Dynasty,Wheelchairs,1655,1655,Rostered,2,,Elite,FALSE
RSC005491,Jackowanou,The Quad Dynasty,Wheelchairs,1640,1640,Rostered,1,,Elite,FALSE
RSC007187,Evil Gooby,The Quad Dynasty,Wheelchairs,1560,1560,Rostered,1,,Elite,TRUE
RSC008320,Jhammy.,The Quad Dynasty,Wheelchairs,1555,1555,Rostered,1,,Elite,FALSE
RSC000197,kareemostyle,The Quad Dynasty,Pushwalkers,1510,1510,Rostered,2,,Veteran,FALSE
RSC000203,FrostyBrew,The Quad Dynasty,Pushwalkers,1510,1510,Rostered,2,,Veteran,FALSE
RSC000649,JeiWoo,The Quad Dynasty,Pushwalkers,1475,1475,Rostered,1,,Veteran,TRUE
RSC013040,Jack Is Bxd,The Quad Dynasty,Pushwalkers,1455,1455,Rostered,1,,Veteran,FALSE
RSC007231,BlitzzyG,The Quad Dynasty,Quads,1440,1440,Rostered,2,,Rival,FALSE
RSC013105,ttv rapidsonn,The Quad Dynasty,Quads,1400,1400,Rostered,2,,Rival,FALSE
RSC008580,Seishir0_Nagii,The Quad Dynasty,Quads,1365,1365,Rostered,1,,Rival,TRUE
RSC006794,HI7MAN305,The Quad Dynasty,Quads,1345,1345,Rostered,2,,Rival,FALSE
RSC014010,ballerking2008,The Quad Dynasty,Flailers,1330,1330,Rostered,2,2026-05-24T12:00:00-04:00,Challenger,FALSE
RSC006212,Kingtutt97,The Quad Dynasty,Flailers,1290,1290,Rostered,2,,Challenger,FALSE
RSC000196,Hayhay21700,The Quad Dynasty,Flailers,1255,1255,Rostered,2,,Challenger,FALSE
RSC000111,Wheelchair {LFLegs},The Quad Dynasty,Flailers,1205,1250,Rostered,2,,Challenger,TRUE
RSC006814,OksanoNQ,The Quad Dynasty,Spastics,1200,1200,Rostered,2,,Prospect,TRUE
RSC005663,DaZed.Purity,The Quad Dynasty,Spastics,1175,1175,Rostered,2,,Prospect,FALSE
RSC003450,ChronoElevated,The Quad Dynasty,Spastics,1160,1160,Rostered,2,,Prospect,FALSE
RSC008543,xTiTax_,The Quad Dynasty,Spastics,1120,1120,Rostered,1,,Prospect,FALSE
RSC007372,oofitsfine,The Quad Dynasty,Rollers,1090,1090,Rostered,2,,Contender,TRUE
RSC007958,No Mechs. HELP,The Quad Dynasty,Rollers,1070,1070,Rostered,1,,Contender,FALSE
RSC005335,R4p,The Quad Dynasty,Rollers,975,975,Rostered,2,,Contender,FALSE
RSC013320,Sebulba.rl,The Quad Dynasty,Rollers,975,975,Rostered,2,,Contender,FALSE
RSC002888,Kri0s,The Rising,Olympic Knights,1750,1750,Rostered,2,,Master,TRUE
RSC001177,Calster,The Rising,Olympic Knights,1710,1710,Rostered,2,,Master,FALSE
RSC007098,mxg,The Rising,Olympic Knights,1690,1690,Rostered,2,,Master,FALSE
RSC000623,wall2wall3,The Rising,Olympic Knights,1685,1685,Rostered,1,,Master,FALSE
RSC005758,sYNXNZ.,The Rising,Peerless Scarred,1630,1630,Rostered,1,,Elite,FALSE
RSC008102,Talent?,The Rising,Peerless Scarred,1605,1605,Rostered,1,,Elite,FALSE
RSC005257,P0pfgf,The Rising,Peerless Scarred,1570,1570,Rostered,1,,Elite,FALSE
RSC007688,Yami ^^,The Rising,Peerless Scarred,1535,1565,Rostered,1,,Elite,TRUE
RSC008006,RXCKOMODE,The Rising,Sons of Ares,1485,1485,Rostered,2,,Veteran,FALSE
RSC007613,Squatch .,The Rising,Sons of Ares,1475,1475,Rostered,1,,Veteran,TRUE
RSC012652,blaiyzur,The Rising,Sons of Ares,1425,1460,Rostered,2,,Veteran,FALSE
RSC014128,Jnx-me,The Rising,Sons of Ares,1460,1460,Rostered,2,2026-06-07T12:00:00-04:00,Veteran,FALSE
RSC001330,Blissful Beluga,The Rising,Howlers,1440,1440,Rostered,1,,Rival,FALSE
RSC007861,xmanyaknow,The Rising,Howlers,1410,1410,Rostered,1,,Rival,FALSE
RSC006069,PoupSoup,The Rising,Howlers,1350,1350,Rostered,1,,Rival,TRUE
RSC013990,zBiokhem,The Rising,Howlers,1350,1350,Rostered,2,,Rival,FALSE
RSC005328,Agios MaIakas,The Rising,Dustwalkers,1335,1335,Rostered,2,,Challenger,FALSE
RSC013607,DLG Parzival,The Rising,Dustwalkers,1325,1325,Rostered,2,,Challenger,FALSE
RSC008518,mtl-lucky,The Rising,Dustwalkers,1265,1265,Rostered,1,,Challenger,FALSE
RSC006430,BARDOWNSKI .,The Rising,Dustwalkers,1230,1230,Renewed,1,,Challenger,TRUE
RSC014171,Parallax,The Rising,Red Legion,1210,1210,Rostered,2,,Prospect,FALSE
RSC012981,zZirellia,The Rising,Red Legion,1160,1160,Rostered,1,,Prospect,FALSE
RSC006667,GET2DACHOPPA5,The Rising,Red Legion,1140,1140,Rostered,1,,Prospect,TRUE
RSC000221,Treefrog,The Rising,Red Legion,1105,1105,Rostered,1,,Prospect,FALSE
RSC013118,popayes5,The Rising,Helldivers,1095,1095,Rostered,2,,Contender,FALSE
RSC006919,rinny_b0y,The Rising,Helldivers,1050,1050,Rostered,2,,Contender,TRUE
RSC008227,batman,The Rising,Helldivers,1015,1015,Rostered,2,,Contender,FALSE
RSC013796,S horty,The Rising,Helldivers,980,980,Rostered,2,,Contender,FALSE
RSC006484,AhmedSa-,The Romp,Tiny Terrors,1650,1650,Rostered,1,,Elite,FALSE
RSC014056,redwizard2you,The Romp,Tiny Terrors,1645,1645,Rostered,2,,Elite,FALSE
RSC006945,nuummite,The Romp,Tiny Terrors,1530,1565,Rostered,2,,Elite,TRUE
RSC014170,Ai0n,The Romp,Tiny Terrors,1545,1545,Rostered,2,,Elite,FALSE
RSC003618,Creature,The Romp,Tummy Tables,1505,1505,Rostered,1,,Veteran,FALSE
RSC006832,Bewear.,The Romp,Tummy Tables,1460,1460,Rostered,1,,Veteran,FALSE
RSC007202,GreatHonda,The Romp,Tummy Tables,1460,1460,Rostered,2,,Veteran,TRUE
RSC008557,lowcortisol lurx,The Romp,Tummy Tables,1445,1445,Rostered,2,,Veteran,FALSE
RSC000026,GoldeN,The Romp,Whisker Goblins,1410,1410,Rostered,2,,Rival,TRUE
RSC003367,OsoGhost,The Romp,Whisker Goblins,1380,1380,Rostered,2,2026-06-14T12:00:00-04:00,Rival,FALSE
RSC006678,EyeSucka,The Romp,Whisker Goblins,1365,1365,Rostered,1,,Rival,TRUE
RSC009746,Hoodie,The Romp,Whisker Goblins,1350,1350,Rostered,1,,Rival,FALSE
RSC005954,MainlyMapleSyrup,The Romp,Reef Gremlins,1325,1325,Rostered,1,,Challenger,FALSE
RSC002412,Rosefanatic3615,The Romp,Reef Gremlins,1315,1315,Rostered,1,,Challenger,FALSE
RSC005827,kyou,The Romp,Reef Gremlins,1265,1265,Rostered,2,,Challenger,FALSE
RSC006240,Canadian.,The Romp,Reef Gremlins,1250,1250,Rostered,2,,Challenger,TRUE
RSC007138,GFC-RAIDER,The Romp,River Wolves,1220,1220,Rostered,1,,Prospect,TRUE
RSC007297,diehard_mma,The Romp,River Wolves,1220,1220,Rostered,2,,Prospect,FALSE
RSC006784,KittyMeowMeow360,The Romp,River Wolves,1125,1125,Rostered,2,,Prospect,FALSE
RSC012108,CarlLion1,The Romp,River Wolves,1100,1100,Rostered,2,,Prospect,FALSE
RSC003743,n00bpr0n,The Romp,Squeaky Bandits,1095,1095,Rostered,2,,Contender,FALSE
RSC008153,Tyson_WA,The Romp,Squeaky Bandits,1045,1045,Rostered,2,,Contender,FALSE
RSC004012,kgfan3,The Romp,Squeaky Bandits,1030,1030,Rostered,2,,Contender,TRUE
RSC006256,Heimfari,The Romp,Squeaky Bandits,975,975,Rostered,1,,Contender,FALSE
RSC008193,RL Camaro,The Romp,Stream Rascals,905,905,Rostered,2,,Amateur,FALSE
RSC013639,Bobafett531132,The Romp,Stream Rascals,900,900,Rostered,2,,Amateur,FALSE
RSC012179,BeanBornito,The Romp,Stream Rascals,835,835,Rostered,2,,Amateur,FALSE
RSC008151,Extrakrispybecky,The Romp,Stream Rascals,715,750,Rostered,2,,Amateur,TRUE
RSC011728,RobinPW,The Shadows,Nightmare,1765,1765,Rostered,2,,Master,TRUE
RSC003125,GrandPlat,The Shadows,Nightmare,1750,1750,Rostered,2,,Master,FALSE
RSC004863,wicked,The Shadows,Nightmare,1675,1675,Rostered,2,,Master,FALSE
RSC005872,Ditto,The Shadows,Nightmare,1660,1660,Rostered,2,,Master,FALSE
RSC005292,Detta,The Shadows,Despair,1630,1630,Rostered,2,,Elite,FALSE
RSC007386,beretta,The Shadows,Despair,1620,1620,Rostered,1,,Elite,FALSE
RSC005373,dvorl.ttv,The Shadows,Despair,1605,1605,Rostered,1,,Elite,TRUE
RSC004889,Steeltoehammer,The Shadows,Despair,1545,1545,Rostered,2,,Elite,FALSE
RSC007906,Vaz1fy.,The Shadows,Dread,1475,1475,Rostered,2,2026-05-24T12:00:00-04:00,Veteran,FALSE
RSC008290,KrsOneTwoThree1,The Shadows,Dread,1470,1470,Rostered,2,,Veteran,FALSE
RSC003953,BlinkyDaBurger,The Shadows,Dread,1465,1465,Rostered,1,,Veteran,FALSE
RSC012645,4SkillSemiFound,The Shadows,Dread,1425,1460,Rostered,2,2026-06-03T12:00:00-04:00,Veteran,TRUE
RSC005752,Surge85,The Shadows,Nightfall,1435,1435,Rostered,1,,Rival,FALSE
RSC013805,sae,The Shadows,Nightfall,1370,1370,Rostered,2,,Rival,FALSE
RSC007307,Jmh187-,The Shadows,Nightfall,1365,1365,Rostered,1,,Rival,TRUE
RSC012851,Alya.,The Shadows,Nightfall,1355,1355,Rostered,2,2026-05-24T12:00:00-04:00,Rival,FALSE
RSC006910,Swanny2.0,The Shadows,Shade,1335,1335,Rostered,2,,Challenger,FALSE
RSC014162,l-DoodleRob-l,The Shadows,Shade,1320,1320,Rostered,2,,Challenger,FALSE
RSC006528,mxWEBBY,The Shadows,Shade,1245,1245,Rostered,2,,Challenger,FALSE
RSC008195,Preaux.,The Shadows,Shade,1225,1225,Rostered,2,,Challenger,TRUE
RSC013921,TitanPolus,The Shadows,Gloom,1210,1210,Rostered,2,,Prospect,FALSE
RSC000426,struttrl,The Shadows,Gloom,1130,1130,Rostered,1,,Prospect,FALSE
RSC005219,iargue,The Shadows,Gloom,1080,1120,Rostered,1,,Prospect,TRUE
RSC000351,Mitzi,The Shadows,Gloom,1115,1115,Rostered,2,,Prospect,FALSE
RSC014105,thenetkiller27,The Shadows,Abyss,1090,1090,Rostered,2,,Contender,FALSE
RSC007630,Grey,The Shadows,Abyss,1025,1025,Rostered,1,,Contender,FALSE
RSC006251,MiniTechniks,The Shadows,Abyss,1010,1010,Rostered,1,,Contender,TRUE
RSC006042,SuperThr33s,The Shadows,Abyss,1000,1000,Rostered,2,2026-05-27T12:00:00-04:00,Contender,FALSE
RSC000394,Darf01,The Shrine,Nue,1775,1775,Rostered,2,,Master,FALSE
RSC006982,smithrl.,The Shrine,Nue,1720,1720,Rostered,2,,Master,FALSE
RSC012881,Minty Moonifer,The Shrine,Nue,1670,1670,Rostered,1,,Master,FALSE
RSC005374,A Yapping Panda,The Shrine,Nue,1660,1660,Rostered,2,,Master,TRUE
RSC002862,Doodle!,The Shrine,Orochi,1645,1645,Rostered,2,,Elite,TRUE
RSC008200,Cloudburst,The Shrine,Orochi,1630,1630,Rostered,2,,Elite,FALSE
RSC008230,ShelbyCyan,The Shrine,Orochi,1565,1565,Rostered,2,,Elite,FALSE
RSC014528,sl33pwa1ker.,The Shrine,Orochi,1565,1565,Rostered,2,,Elite,FALSE
RSC004977,xswanniG,The Shrine,Kirin,1520,1520,Rostered,2,,Veteran,FALSE
RSC003815,WashedDonk,The Shrine,Kirin,1480,1480,Rostered,1,,Veteran,FALSE
RSC001019,Surge,The Shrine,Kirin,1475,1475,Rostered,2,,Veteran,TRUE
RSC002330,JesterGG,The Shrine,Kirin,1450,1450,Rostered,2,,Veteran,FALSE
RSC009249,Gyarados-_-,The Shrine,Kitsune,1430,1430,Rostered,2,,Rival,FALSE
RSC007668,depth,The Shrine,Kitsune,1405,1405,Rostered,2,,Rival,FALSE
RSC006017,Dondo RF,The Shrine,Kitsune,1350,1350,Rostered,1,,Rival,TRUE
RSC006464,vAirwick,The Shrine,Kitsune,1345,1345,Rostered,2,2026-05-31T12:00:00-04:00,Rival,FALSE
RSC012212,xMoistCanadianx,The Shrine,Ryujin,1305,1305,Rostered,2,,Challenger,FALSE
RSC007600,CN Tyson,The Shrine,Ryujin,1295,1295,Rostered,2,,Challenger,FALSE
RSC006495,Hype.56,The Shrine,Ryujin,1285,1285,Rostered,2,,Challenger,FALSE
RSC012828,dahc.,The Shrine,Ryujin,1265,1265,Rostered,1,,Challenger,TRUE
RSC012789,Shea Butter,The Shrine,Ryujin,1260,1260,Inactive Reserve,1,,Challenger,FALSE
RSC001235,DeeJayZ_,The Shrine,Tanuki,1215,1215,Rostered,2,,Prospect,FALSE
RSC002357,Bieles,The Shrine,Tanuki,1205,1205,Rostered,1,,Prospect,FALSE
RSC002494,lone wolf,The Shrine,Tanuki,1150,1150,Rostered,1,,Prospect,TRUE
RSC013590,KrispyKrunch704,The Shrine,Tanuki,1100,1100,Rostered,2,,Prospect,FALSE
RSC003733,sheluvtaco,The Shrine,Kappa,1065,1065,Rostered,2,,Contender,FALSE
RSC007513,Russ,The Shrine,Kappa,1055,1055,Rostered,1,,Contender,FALSE
RSC007018,vBoostedv,The Shrine,Kappa,1040,1040,Rostered,2,,Contender,FALSE
RSC005870,Evil twin,The Shrine,Kappa,980,980,Rostered,1,,Contender,TRUE
RSC008368,taLz.,The Sovereign,Imperatores,1730,1730,Rostered,2,,Master,TRUE
RSC014178,Fl1ppah,The Sovereign,Imperatores,1680,1680,Rostered,2,,Master,FALSE
RSC007642,Luminati,The Sovereign,Imperatores,1675,1675,Rostered,2,,Master,FALSE
RSC014041,doggo,The Sovereign,Imperatores,1675,1675,Rostered,2,,Master,FALSE
RSC006218,Stingray,The Sovereign,Legati,1635,1635,Rostered,1,,Elite,FALSE
RSC000334,Crabasaur,The Sovereign,Legati,1600,1600,Rostered,1,,Elite,TRUE
RSC008555,ShyIsEepy,The Sovereign,Legati,1595,1595,Rostered,2,2026-05-31T12:00:00-04:00,Elite,FALSE
RSC007207,.S,The Sovereign,Legati,1565,1565,Rostered,2,,Elite,FALSE
RSC012386,mushroom,The Sovereign,Praetoriani,1520,1520,Rostered,1,,Veteran,FALSE
RSC008460,Murleaux,The Sovereign,Praetoriani,1490,1490,Rostered,2,,Veteran,FALSE
RSC007024,Smyte.,The Sovereign,Praetoriani,1480,1480,Rostered,2,,Veteran,FALSE
RSC003945,Gaw1f3d,The Sovereign,Praetoriani,1470,1470,Rostered,1,,Veteran,TRUE
RSC005265,doctorprofessor_,The Sovereign,Centuriones,1430,1430,Rostered,1,,Rival,TRUE
RSC005294,mogulmaniac5480,The Sovereign,Centuriones,1360,1360,Rostered,2,,Rival,FALSE
RSC002960,Shrek Is The Best Anime,The Sovereign,Centuriones,1320,1355,Rostered,1,,Rival,FALSE
RSC005300,Cruz.,The Sovereign,Centuriones,1355,1355,Rostered,2,2026-05-27T12:00:00-04:00,Rival,FALSE
RSC004844,Calicat01,The Sovereign,Decuriones,1315,1315,Rostered,1,,Challenger,TRUE
RSC000499,johkev,The Sovereign,Decuriones,1310,1310,Rostered,1,,Challenger,FALSE
RSC002040,Scomps,The Sovereign,Decuriones,1255,1255,Rostered,1,,Challenger,FALSE
RSC014126,qFoal,The Sovereign,Decuriones,1245,1245,Rostered,2,,Challenger,FALSE
RSC004177,Abeillonnaise,The Sovereign,Principales,1215,1215,Inactive Reserve,2,,Prospect,FALSE
RSC000357,Primed,The Sovereign,Principales,1170,1170,Rostered,1,,Prospect,TRUE
RSC008278,tacosbruh1299,The Sovereign,Principales,1135,1135,Rostered,2,,Prospect,FALSE
RSC008654,VoodooMamaJuju,The Sovereign,Principales,1135,1135,Rostered,1,,Prospect,FALSE
RSC012989,holytrstn,The Sovereign,Principales,1110,1110,Rostered,2,,Prospect,FALSE
RSC006758,El Booger Sugar,The Sovereign,Legionarii,1090,1090,Rostered,1,,Contender,FALSE
RSC009442,pois6k,The Sovereign,Legionarii,1030,1030,Rostered,2,,Contender,FALSE
RSC005974,Angry-Hermit,The Sovereign,Legionarii,990,990,Rostered,1,,Contender,FALSE
RSC008083,Rocketgirl_32,The Sovereign,Legionarii,970,970,Rostered,1,,Contender,TRUE
RSC008363,Jarrtsu,Tyrants of the Sea,Krakens,1650,1650,Rostered,1,,Elite,TRUE
RSC006877,Jolt,Tyrants of the Sea,Krakens,1640,1640,Rostered,2,,Elite,FALSE
RSC008408,LoonaStarrr,Tyrants of the Sea,Krakens,1580,1580,Rostered,2,2026-06-10T12:00:00-04:00,Elite,FALSE
RSC006199,Irozuh.,Tyrants of the Sea,Krakens,1360,1565,AGM IR,1,,Elite,FALSE
RSC008211,Astro-HxIIFire,Tyrants of the Sea,Krakens,1550,1550,Rostered,2,,Elite,FALSE
RSC007482,MyTyranosaur,Tyrants of the Sea,Giant Squids,1515,1515,Rostered,2,,Veteran,TRUE
RSC004487,savant,Tyrants of the Sea,Giant Squids,1505,1505,Rostered,2,,Veteran,FALSE
RSC007358,Tropicalshortsba,Tyrants of the Sea,Giant Squids,1480,1480,Rostered,1,,Veteran,FALSE
RSC004618,Squirrel,Tyrants of the Sea,Giant Squids,1350,1460,Rostered,2,,Veteran,FALSE
RSC008386,Chaddy,Tyrants of the Sea,Barracudas,1430,1430,Rostered,2,,Rival,FALSE
RSC004665,xPrism,Tyrants of the Sea,Barracudas,1390,1390,Rostered,2,2026-06-10T12:00:00-04:00,Rival,FALSE
RSC007897,Synnicall,Tyrants of the Sea,Barracudas,1350,1350,Rostered,2,,Rival,FALSE
RSC006935,Bazzinga,Tyrants of the Sea,Barracudas,1340,1340,Rostered,1,,Rival,TRUE
RSC007001,tankersrul,Tyrants of the Sea,Stingrays,1315,1315,Rostered,2,,Challenger,FALSE
RSC002841,dyl,Tyrants of the Sea,Stingrays,1295,1295,Rostered,1,,Challenger,TRUE
RSC007604,RiisenJT,Tyrants of the Sea,Stingrays,1280,1280,Rostered,1,,Challenger,FALSE
RSC008010,WamBam-,Tyrants of the Sea,Stingrays,1245,1245,Rostered,1,,Challenger,FALSE
RSC008323,Smoky.,Tyrants of the Sea,Piranhas,1205,1205,Rostered,1,,Prospect,FALSE
RSC007885,Larkspur,Tyrants of the Sea,Piranhas,1190,1190,Rostered,1,,Prospect,TRUE
RSC006569,mulliganisoup,Tyrants of the Sea,Piranhas,1125,1125,Rostered,2,,Prospect,FALSE
RSC012628,orphaned baby pangolin,Tyrants of the Sea,Piranhas,1105,1105,Rostered,1,,Prospect,FALSE
RSC013327,itxmarina_,Tyrants of the Sea,Jellyfish,1080,1080,Rostered,2,2026-05-17T12:00:00-04:00,Contender,FALSE
RSC014038,ohayo-gosaimas,Tyrants of the Sea,Jellyfish,1070,1070,Rostered,2,,Contender,TRUE
RSC013508,Spaceballs80423,Tyrants of the Sea,Jellyfish,1045,1045,Rostered,2,,Contender,FALSE
RSC012980,D1-SN1PZ,Tyrants of the Sea,Jellyfish,945,945,Rostered,2,2026-05-27T12:00:00-04:00,Contender,FALSE
RSC008003,Bronzetpole,Tyrants of the Sea,Electric Eels,880,880,Rostered,1,,Amateur,FALSE
RSC014054,CallMeSteveo53,Tyrants of the Sea,Electric Eels,855,855,Rostered,2,2026-06-07T12:00:00-04:00,Amateur,FALSE
RSC007678,SavedHawk,Tyrants of the Sea,Electric Eels,820,820,Rostered,2,,Amateur,TRUE
RSC014183,ADG_Majin_Prez,Tyrants of the Sea,Electric Eels,815,815,Rostered,2,,Amateur,FALSE
RSC006193,Saucy Rexy,Venom Lab,Eastern Brown,1740,1740,Rostered,2,,Master,TRUE
RSC007908,C01E01,Venom Lab,Eastern Brown,1735,1735,Rostered,2,,Master,FALSE
RSC014005,LostTempyst,Venom Lab,Eastern Brown,1700,1700,Rostered,2,,Master,FALSE
RSC002729,snugcore,Venom Lab,Eastern Brown,1675,1675,Rostered,2,,Master,FALSE
RSC008581,duckrl,Venom Lab,Forest Cobra,1635,1635,Rostered,2,,Elite,FALSE
RSC002500,kalten,Venom Lab,Forest Cobra,1615,1615,Rostered,1,,Elite,FALSE
RSC005682,S_ckz,Venom Lab,Forest Cobra,1590,1590,Rostered,2,,Elite,FALSE
RSC004286,Bolbi,Venom Lab,Forest Cobra,1545,1545,Rostered,2,2026-06-07T12:00:00-04:00,Elite,FALSE
RSC006869,Flurry ^-^,Venom Lab,Fer-de-Lance,1535,1535,Rostered,1,,Veteran,FALSE
RSC005754,Monty.,Venom Lab,Fer-de-Lance,1510,1510,Rostered,2,,Veteran,FALSE
RSC002668,Bird Queen <3,Venom Lab,Fer-de-Lance,1460,1460,Rostered,2,,Veteran,TRUE
RSC007930,Ziffy,Venom Lab,Fer-de-Lance,1460,1460,Rostered,2,,Veteran,FALSE
RSC003416,DrSkimMilk,Venom Lab,Gaboons,1435,1435,Rostered,2,,Rival,FALSE
RSC006245,spite,Venom Lab,Gaboons,1385,1385,Rostered,2,,Rival,TRUE
RSC014146,ttv.ericandersxn,Venom Lab,Gaboons,1370,1370,Rostered,2,,Rival,FALSE
RSC007293,Ytexplixiit,Venom Lab,Gaboons,1355,1355,Rostered,2,,Rival,FALSE
RSC006413,BlueFlre,Venom Lab,Corals,1300,1300,Rostered,2,,Challenger,FALSE
RSC006187,1999 Toyota Camry,Venom Lab,Corals,1280,1280,Rostered,1,,Challenger,TRUE
RSC008192,Alpha Dingo,Venom Lab,Corals,1270,1270,Rostered,2,,Challenger,FALSE
RSC008502,Jetwind17,Venom Lab,Corals,1265,1265,Rostered,2,2026-05-24T12:00:00-04:00,Challenger,FALSE
RSC007518,LoneDrifter.,Venom Lab,Diamondback,1220,1220,Rostered,1,,Prospect,FALSE
RSC008216,oBlueyRL,Venom Lab,Diamondback,1215,1215,Rostered,2,2026-05-13T12:00:00-04:00,Prospect,FALSE
RSC012879,King_Trini,Venom Lab,Diamondback,1115,1115,Rostered,2,,Prospect,FALSE
RSC007525,BulletNote,Venom Lab,Diamondback,1110,1110,Rostered,2,,Prospect,TRUE
RSC007593,DJ L1T,Venom Lab,Hognose,1090,1090,Rostered,2,,Contender,TRUE
RSC014079,DaMoneyPot,Venom Lab,Hognose,1035,1035,Rostered,2,,Contender,FALSE
RSC013962,PenguinCCSRL,Venom Lab,Hognose,995,995,Rostered,2,2026-06-07T12:00:00-04:00,Contender,FALSE
RSC008522,tysonmaint,Venom Lab,Hognose,985,985,Rostered,2,,Contender,FALSE
RSC006259,mojomo (Goofy and Silly),,,1665,1665,Dropped,1,,Master,FALSE
RSC007131,BankShark,,,1630,1630,Dropped,0,,Elite,FALSE
RSC006211,Chase,,,1380,1380,Dropped,0,,Rival,FALSE
RSC005767,Revive Chaos,,,1365,1365,Dropped,2,,Rival,FALSE
RSC007179,B0A._.,,,1100,1100,Dropped,0,,Prospect,FALSE
RSC007797,ON1ㆁ,,,980,980,Dropped,0,,Contender,FALSE
RSC005340,Mystikal,,,600,600,Dropped,0,,,FALSE
RSC007325,SDMasked,,,600,600,Dropped,0,,,FALSE
RSC007576,CxldHeartedJess,,,600,600,Dropped,0,,,FALSE
RSC007412,spuf.,,,1830,1830,Former,0,2026-06-07T12:00:00-04:00,Premier,FALSE
RSC005314,daggumbigfeet,,,1505,1505,Former,2,,Veteran,TRUE
RSC011606,SUP3RM00NS,,,1360,1360,Former,0,2026-06-03T12:00:00-04:00,Rival,FALSE
RSC006307,Niico Biico,,,1265,1265,Former,0,,Challenger,FALSE
RSC004462,Bbcomedian,,,920,920,Former,0,,Amateur,FALSE
RSC007820,KuRupT,,,1875,1875,Free Agent,0,2026-05-17T12:00:00-04:00,Premier,FALSE
RSC014202,B,,,1860,1860,Free Agent,0,,Premier,FALSE
RSC014124,Ruin5terr,,,1845,1845,Free Agent,0,2026-06-03T12:00:00-04:00,Premier,FALSE
RSC010000,Spoon,,,1835,1835,Free Agent,0,,Premier,FALSE
RSC007605,Afterburner3375,,,1825,1825,Free Agent,0,,Premier,FALSE
RSC007924,Kaorix,,,1815,1815,Free Agent,0,2026-06-21T12:00:00-04:00,Premier,FALSE
RSC008242,Snipes,,,1810,1810,Free Agent,0,2026-05-24T12:00:00-04:00,Premier,FALSE
RSC007893,solar722,,,1790,1790,Free Agent,0,,Premier,FALSE
RSC008571,Divine.,,,1790,1790,Free Agent,0,,Premier,FALSE
RSC008155,Stormy Wormy.,,,1765,1765,Free Agent,0,,Master,FALSE
RSC004676,Deesh,,,1760,1760,Free Agent,0,,Master,FALSE
RSC005349,Rzemb1e,,,1755,1755,Free Agent,0,,Master,FALSE
RSC007901,JarrettD.,,,1735,1735,Free Agent,0,2026-06-07T12:00:00-04:00,Master,FALSE
RSC005899,DJDancingDuckGif,,,1730,1730,Free Agent,0,2026-06-07T12:00:00-04:00,Master,FALSE
RSC001357,bubblebuddy47,,,1725,1725,Free Agent,0,,Master,FALSE
RSC007941,Shepherd,,,1715,1715,Free Agent,0,,Master,FALSE
RSC003412,Python,,,1705,1705,Free Agent,0,,Master,FALSE
RSC014200,aWannaBe-_-NERD,,,1685,1685,Free Agent,0,2026-06-07T12:00:00-04:00,Master,FALSE
RSC002657,Savage,,,1675,1675,Free Agent,0,,Master,FALSE
RSC003082,Skulzy9,,,1665,1665,Free Agent,0,,Master,FALSE
RSC005705,Rapidz (Goofy and Silly),,,1660,1660,Free Agent,0,,Master,FALSE
RSC008630,Everascense _L,,,1660,1660,Free Agent,0,2026-05-20T12:00:00-04:00,Master,FALSE
RSC000666,AEB311,,,1655,1655,Free Agent,0,2026-06-17T12:00:00-04:00,Elite,FALSE
RSC008403,mightie31,,,1615,1615,Free Agent,0,2026-06-17T12:00:00-04:00,Elite,FALSE
RSC005287,Taiga,,,1610,1610,Free Agent,0,2026-06-07T12:00:00-04:00,Elite,FALSE
RSC000787,buckle,,,1605,1605,Free Agent,0,2026-05-27T12:00:00-04:00,Elite,FALSE
RSC003427,(P|F)ineapple,,,1585,1585,Free Agent,0,2026-06-14T12:00:00-04:00,Elite,FALSE
RSC004022,Stakd,,,1575,1575,Free Agent,0,2026-05-20T12:00:00-04:00,Elite,FALSE
RSC007475,spposse,,,1575,1575,Free Agent,0,,Elite,FALSE
RSC000023,n0maa,,,1565,1565,Free Agent,0,,Elite,FALSE
RSC007129,EKA Luminous,,,1565,1565,Free Agent,0,2026-06-07T12:00:00-04:00,Elite,FALSE
RSC008596,TikTok Chxnsse,,,1565,1565,Free Agent,0,,Elite,FALSE
RSC013988,zzekeex,,,1565,1565,Free Agent,0,,Elite,FALSE
RSC007855,Dub_Dill,,,1560,1560,Free Agent,0,2026-06-21T12:00:00-04:00,Elite,FALSE
RSC008663,Yin,,,1560,1560,Free Agent,0,,Elite,FALSE
RSC006378,depressed vibez,,,1510,1510,Free Agent,0,2026-06-17T12:00:00-04:00,Veteran,FALSE
RSC007173,mr_marino_,,,1500,1500,Free Agent,0,,Veteran,FALSE
RSC004586,Jaybeauh,,,1495,1495,Free Agent,0,2026-06-17T12:00:00-04:00,Veteran,FALSE
RSC008400,Itzmoose,,,1495,1495,Free Agent,0,2026-06-17T12:00:00-04:00,Veteran,FALSE
RSC003122,Kovalchuk,,,1490,1490,Free Agent,0,2026-06-07T12:00:00-04:00,Veteran,FALSE
RSC007850,harps not fast,,,1480,1480,Free Agent,0,,Veteran,FALSE
RSC013759,Firestormm,,,1480,1480,Free Agent,0,2026-06-14T12:00:00-04:00,Veteran,FALSE
RSC004313,Causing .,,,1475,1475,Free Agent,0,,Veteran,FALSE
RSC006315,BIGbadBULLMAN13,,,1470,1470,Free Agent,0,2026-06-03T12:00:00-04:00,Veteran,FALSE
RSC000796,hoyci,,,1460,1460,Free Agent,0,,Veteran,FALSE
RSC008138,SKILLZ ISSUE -_-,,,1460,1460,Free Agent,0,2026-06-07T12:00:00-04:00,Veteran,FALSE
RSC006851,Redstorm Trooper,,,1455,1455,Free Agent,0,2026-05-31T12:00:00-04:00,Veteran,FALSE
RSC014058,Momo,,,1455,1455,Free Agent,0,,Veteran,FALSE
RSC006174,I like bananas,,,1445,1445,Free Agent,0,2026-05-27T12:00:00-04:00,Veteran,FALSE
RSC000724,dunnie14,,,1440,1440,Free Agent,0,2026-06-10T12:00:00-04:00,Rival,FALSE
RSC006312,Cognitixn,,,1440,1440,Free Agent,0,2026-06-14T12:00:00-04:00,Rival,FALSE
RSC013489,TheStraightUpSavage,,,1440,1440,Free Agent,0,,Rival,FALSE
RSC008116,Jake,,,1430,1430,Free Agent,0,2026-06-14T12:00:00-04:00,Rival,FALSE
RSC001487,M1ke1sMy1ke,,,1425,1425,Free Agent,0,2026-05-27T12:00:00-04:00,Rival,FALSE
RSC013086,BOSS,,,1425,1425,Free Agent,0,,Rival,FALSE
RSC005505,The_Wheelman_95,,,1420,1420,Free Agent,0,2026-06-10T12:00:00-04:00,Rival,FALSE
RSC002616,Ruthle,,,1415,1415,Free Agent,0,,Rival,FALSE
RSC013151,Chicko,,,1415,1415,Free Agent,0,,Rival,FALSE
RSC003018,McChicky,,,1410,1410,Free Agent,0,,Rival,FALSE
RSC008465,IncorrectTerror,,,1405,1405,Free Agent,0,2026-06-10T12:00:00-04:00,Rival,FALSE
RSC007911,Redhood.Rl,,,1400,1400,Free Agent,0,,Rival,FALSE
RSC007560,ObiWan_Can_O_Bee,,,1370,1370,Free Agent,0,2026-06-17T12:00:00-04:00,Rival,FALSE
RSC012798,The_W4nderer,,,1340,1340,Free Agent,0,2026-06-21T12:00:00-04:00,Rival,FALSE
RSC008574,Zay,,,1330,1330,Free Agent,0,,Challenger,FALSE
RSC008293,Tall_28,,,1325,1325,Free Agent,0,2026-05-20T12:00:00-04:00,Challenger,FALSE
RSC005150,StickyDihhRick,,,1320,1320,Free Agent,0,2026-06-17T12:00:00-04:00,Challenger,FALSE
RSC007065,Rampage,,,1310,1310,Free Agent,0,,Challenger,FALSE
RSC007546,N0TTopmarx,,,1310,1310,Free Agent,0,2026-06-10T12:00:00-04:00,Challenger,FALSE
RSC007487,YoloOnTinder,,,1305,1305,Free Agent,0,2026-06-07T12:00:00-04:00,Challenger,FALSE
RSC002293,Corrupt_Arrow,,,1300,1300,Free Agent,0,2026-06-07T12:00:00-04:00,Challenger,FALSE
RSC008426,Midnight,,,1300,1300,Free Agent,0,2026-06-21T12:00:00-04:00,Challenger,FALSE
RSC008259,Puma,,,1290,1290,Free Agent,0,,Challenger,FALSE
RSC013727,daxh_rl,,,1290,1290,Free Agent,0,,Challenger,FALSE
RSC000025,Slayerof666,,,1285,1285,Free Agent,0,2026-06-21T12:00:00-04:00,Challenger,FALSE
RSC006659,ImZalama,,,1285,1285,Free Agent,0,,Challenger,FALSE
RSC010581,beastnugget_.,,,1285,1285,Free Agent,0,,Challenger,FALSE
RSC013352,y2k_loll,,,1270,1270,Free Agent,0,,Challenger,FALSE
RSC013045,ACVjonahfire1,,,1265,1265,Free Agent,0,,Challenger,FALSE
RSC013923,Long_toe_nails24,,,1260,1260,Free Agent,0,2026-06-17T12:00:00-04:00,Challenger,FALSE
RSC004449,noName Devotion,,,1255,1255,Free Agent,0,,Challenger,FALSE
RSC008120,Spul4k,,,1250,1250,Free Agent,0,2026-06-21T12:00:00-04:00,Challenger,FALSE
RSC013241,bees .,,,1250,1250,Free Agent,0,2026-06-24T12:00:00-04:00,Challenger,FALSE
RSC005909,YadiCraft,,,1240,1240,Free Agent,0,,Challenger,FALSE
RSC007955,JonathanVanDyk,,,1190,1190,Free Agent,0,2026-06-17T12:00:00-04:00,Prospect,FALSE
RSC013062,gravy-_-is tired,,,1185,1185,Free Agent,0,2026-06-17T12:00:00-04:00,Prospect,FALSE
RSC005725,RWALLS516R,,,1175,1175,Free Agent,0,,Prospect,FALSE
RSC004509,tazlien,,,1155,1155,Free Agent,0,,Prospect,FALSE
RSC012631,BAND1TO.,,,1145,1145,Free Agent,0,2026-06-17T12:00:00-04:00,Prospect,FALSE
RSC008106,M0USE_1,,,1135,1135,Free Agent,0,,Prospect,FALSE
RSC004879,DefNotMongo.,,,1130,1130,Free Agent,0,,Prospect,FALSE
RSC007291,brdtrd999,,,1120,1120,Free Agent,0,,Prospect,FALSE
RSC008418,I_am.Dan,,,1120,1120,Free Agent,0,2026-06-17T12:00:00-04:00,Prospect,FALSE
RSC010273,WJB VOIDFX,,,1115,1115,Free Agent,0,,Prospect,FALSE
RSC008092,ImPodz,,,1110,1110,Free Agent,0,2026-06-07T12:00:00-04:00,Prospect,FALSE
RSC012860,Thor MAVERICK,,,1105,1105,Free Agent,0,2026-06-17T12:00:00-04:00,Prospect,FALSE
RSC006022,N0MrThomasMn,,,1085,1085,Free Agent,0,,Contender,FALSE
RSC008187,Tonini08,,,1085,1085,Free Agent,0,2026-06-03T12:00:00-04:00,Contender,FALSE
RSC013916,spicymcnugsauce,,,1050,1050,Free Agent,0,,Contender,FALSE
RSC014011,Sginsomnia,,,1050,1050,Free Agent,0,,Contender,FALSE
RSC000995,Xx_pink_man95_xX,,,1040,1040,Free Agent,0,2026-05-31T12:00:00-04:00,Contender,FALSE
RSC007515,superstrikzz,,,1040,1040,Free Agent,0,2026-06-10T12:00:00-04:00,Contender,FALSE
RSC008591,H01Ycow,,,1020,1020,Free Agent,0,2026-06-14T12:00:00-04:00,Contender,FALSE
RSC012974,Ni4ki,,,1020,1020,Free Agent,0,2026-06-14T12:00:00-04:00,Contender,FALSE
RSC014094,Pulsa4r,,,1005,1005,Free Agent,0,2026-06-03T12:00:00-04:00,Contender,FALSE
RSC007581,Wrecklessjay02,,,875,875,Free Agent,0,2026-06-21T12:00:00-04:00,Amateur,FALSE
RSC008569,BlackHoleX,,,850,850,Free Agent,0,,Amateur,FALSE
RSC008589,crazymedic0630,,,845,845,Free Agent,0,,Amateur,FALSE
RSC008213,SeargD,,,815,815,Free Agent,0,2026-05-24T12:00:00-04:00,Amateur,FALSE
RSC013789,gaming_randomly,,,750,750,Free Agent,0,,Amateur,FALSE
RSC014060,VoxIncredible,,,535,535,Free Agent,0,2026-05-17T12:00:00-04:00,Amateur,FALSE
RSC005873,Gama The Dwarf,,,1420,1420,GM (Unsigned),0,,Rival,TRUE
RSC007253,theexgrizz,,,600,600,Perm FA in Waiting.,0,,,FALSE
RSC008088,vvortex.,,,2000,2000,Permanent Free Agent,0,,Premier,FALSE
RSC014403,logan ;),,,2000,2000,Permanent Free Agent,0,,Premier,FALSE
RSC014719,faiz is washed,,,2000,2000,Permanent Free Agent,0,,Premier,FALSE
RSC014725,Ant개,,,2000,2000,Permanent Free Agent,0,,Premier,FALSE
RSC004090,LikeWisse,,,1975,1975,Permanent Free Agent,0,,Premier,FALSE
RSC003433,EllectroZx,,,1940,1940,Permanent Free Agent,0,,Premier,FALSE
RSC007382,takeeover,,,1910,1910,Permanent Free Agent,0,,Premier,FALSE
RSC000462,kruncho,,,1900,1900,Permanent Free Agent,0,,Premier,FALSE
RSC006534,FIN0oo,,,1880,1880,Permanent Free Agent,0,,Premier,FALSE
RSC014313,JDE,,,1880,1880,Permanent Free Agent,0,,Premier,FALSE
RSC003804,ayylo,,,1875,1875,Permanent Free Agent,0,,Premier,FALSE
RSC000533,Snoop.,,,1870,1870,Permanent Free Agent,0,,Premier,FALSE
RSC004887,Laser,,,1845,1845,Permanent Free Agent,0,,Premier,FALSE
RSC006203,Tartan,,,1840,1840,Permanent Free Agent,0,,Premier,FALSE
RSC000295,matutu,,,1825,1825,Permanent Free Agent,0,,Premier,FALSE
RSC014316,Ale.,,,1820,1820,Permanent Free Agent,0,,Premier,FALSE
RSC000232,Unexpected,,,1805,1805,Permanent Free Agent,0,,Premier,FALSE
RSC014390,Kachang.,,,1780,1780,Permanent Free Agent,0,,Premier,FALSE
RSC003279,maj,,,1775,1775,Permanent Free Agent,0,,Master,FALSE
RSC014219,oC_Assassian,,,1775,1775,Permanent Free Agent,0,,Master,FALSE
RSC014007,Drink Enthusiast,,,1755,1755,Permanent Free Agent,0,,Master,FALSE
RSC012036,sosa,,,1750,1750,Permanent Free Agent,0,,Master,FALSE
RSC002944,PayloSoul,,,1745,1745,Permanent Free Agent,0,,Master,FALSE
RSC007383,blest_.,,,1745,1745,Permanent Free Agent,0,,Master,FALSE
RSC002476,Argnor,,,1725,1725,Permanent Free Agent,0,,Master,FALSE
RSC008452,pxiruu,,,1725,1725,Permanent Free Agent,0,,Master,FALSE
RSC007846,Lovegreyhounds,,,1710,1710,Permanent Free Agent,0,,Master,FALSE
RSC004917,Nahzey,,,1700,1700,Permanent Free Agent,0,,Master,FALSE
RSC012933,fork (no knife),,,1700,1700,Permanent Free Agent,0,,Master,FALSE
RSC003445,bosco,,,1690,1690,Permanent Free Agent,0,,Master,FALSE
RSC005234,Hirsch,,,1690,1690,Permanent Free Agent,0,,Master,FALSE
RSC014328,Striker,,,1685,1685,Permanent Free Agent,0,,Master,FALSE
RSC003178,King of Darkness SNACK!,,,1680,1680,Permanent Free Agent,0,,Master,FALSE
RSC005220,Swax,,,1675,1675,Permanent Free Agent,0,,Master,FALSE
RSC005179,Soraa.,,,1670,1670,Permanent Free Agent,0,,Master,FALSE
RSC008255,Knabit,,,1670,1670,Permanent Free Agent,0,,Master,FALSE
RSC005948,luximon.,,,1660,1660,Permanent Free Agent,0,,Master,FALSE
RSC014563,lil. a,,,1660,1660,Permanent Free Agent,0,,Master,FALSE
RSC007817,HiChew RL,,,1650,1650,Permanent Free Agent,0,,Elite,FALSE
RSC014595,Rationalgoof,,,1650,1650,Permanent Free Agent,0,,Elite,FALSE
RSC014712,kaden,,,1650,1650,Permanent Free Agent,0,,Elite,FALSE
RSC000016,Beans,,,1630,1630,Permanent Free Agent,0,,Elite,FALSE
RSC003360,flossy,,,1630,1630,Permanent Free Agent,0,2026-06-21T12:00:00-04:00,Elite,FALSE
RSC005709,ZavaRL,,,1630,1630,Permanent Free Agent,0,,Elite,FALSE
RSC014281,fawnmage,,,1630,1630,Permanent Free Agent,0,,Elite,FALSE
RSC004766,Envy Raptor,,,1625,1625,Permanent Free Agent,0,,Elite,FALSE
RSC014740,RemyxRL,,,1620,1620,Permanent Free Agent,0,,Elite,FALSE
RSC006459,Daylon,,,1615,1615,Permanent Free Agent,0,,Elite,FALSE
RSC007780,TG1,,,1615,1615,Permanent Free Agent,0,,Elite,FALSE
RSC014523,Zyxi,,,1615,1615,Permanent Free Agent,0,,Elite,FALSE
RSC014539,Waffles. | #ForStytes,,,1615,1615,Permanent Free Agent,0,,Elite,FALSE
RSC014711,j (?),,,1615,1615,Permanent Free Agent,0,,Elite,FALSE
RSC000451,Cryke,,,1610,1610,Permanent Free Agent,0,,Elite,FALSE
RSC006314,Mimetic,,,1610,1610,Permanent Free Agent,0,,Elite,FALSE
RSC006745,Angel <3,,,1605,1605,Permanent Free Agent,0,,Elite,FALSE
RSC000777,Marcus.,,,1600,1600,Permanent Free Agent,0,,Elite,FALSE
RSC013995,Gabeᖇ,,,1600,1600,Permanent Free Agent,0,,Elite,FALSE
RSC005824,Bolts,,,1585,1585,Permanent Free Agent,0,,Elite,FALSE
RSC014549,Dividcon.,,,1585,1585,Permanent Free Agent,0,,Elite,FALSE
RSC004630,Supe,,,1580,1580,Permanent Free Agent,0,,Elite,FALSE
RSC006680,Ttv-1ginx1,,,1580,1580,Permanent Free Agent,0,,Elite,FALSE
RSC006954,tyrdrop.,,,1580,1580,Permanent Free Agent,0,,Elite,FALSE
RSC008584,Twiz Rikow,,,1580,1580,Permanent Free Agent,0,,Elite,FALSE
RSC007512,BigGreenRL,,,1555,1555,Permanent Free Agent,0,,Elite,FALSE
RSC005210,baldmanstreamer,,,1540,1540,Permanent Free Agent,0,,Elite,FALSE
RSC000021,TyTy,,,1535,1535,Permanent Free Agent,0,,Veteran,FALSE
RSC013447,ivy.,,,1535,1535,Permanent Free Agent,0,,Veteran,FALSE
RSC014245,Joseg12289,,,1535,1535,Permanent Free Agent,0,,Veteran,FALSE
RSC006598,s0xxqt,,,1525,1525,Permanent Free Agent,0,,Veteran,FALSE
RSC008626,Tevikk.,,,1520,1520,Permanent Free Agent,0,,Veteran,FALSE
RSC013956,woozy_.,,,1520,1520,Permanent Free Agent,0,,Veteran,FALSE
RSC005191,Anonymouse,,,1515,1515,Permanent Free Agent,0,,Veteran,FALSE
RSC004500,CCnB3833,,,1510,1510,Permanent Free Agent,0,,Veteran,FALSE
RSC008243,icee !,,,1510,1510,Permanent Free Agent,0,,Veteran,FALSE
RSC014696,t a y o .,,,1510,1510,Permanent Free Agent,0,,Veteran,FALSE
RSC014405,McDRolla,,,1505,1505,Permanent Free Agent,0,,Veteran,FALSE
RSC014752,Zero,,,1505,1505,Permanent Free Agent,0,,Veteran,FALSE
RSC000617,Dav,,,1500,1500,Permanent Free Agent,0,,Veteran,FALSE
RSC014654,Daniel十,,,1500,1500,Permanent Free Agent,0,,Veteran,FALSE
RSC000036,Scribbs,,,1485,1485,Permanent Free Agent,0,,Veteran,FALSE
RSC008024,Grandejuevos45,,,1485,1485,Permanent Free Agent,0,,Veteran,FALSE
RSC002513,Azula,,,1480,1480,Permanent Free Agent,0,,Veteran,FALSE
RSC004639,Uncdizzle,,,1480,1480,Permanent Free Agent,0,,Veteran,FALSE
RSC004188,wntr,,,1475,1475,Permanent Free Agent,0,,Veteran,FALSE
RSC007219,Royaliee,,,1475,1475,Permanent Free Agent,0,,Veteran,FALSE
RSC005355,GT-R R34,,,1465,1465,Permanent Free Agent,0,,Veteran,FALSE
RSC002407,Envy,,,1460,1460,Permanent Free Agent,0,,Veteran,FALSE
RSC008165,JoJo-sepy,,,1460,1460,Permanent Free Agent,0,,Veteran,FALSE
RSC002358,Sleepy_AshTTV,,,1450,1450,Permanent Free Agent,0,,Veteran,FALSE
RSC008526,benito.,,,1450,1450,Permanent Free Agent,0,,Veteran,FALSE
RSC000731,mm2,,,1445,1445,Permanent Free Agent,0,,Veteran,FALSE
RSC013194,Jamez,,,1445,1445,Permanent Free Agent,0,,Veteran,FALSE
RSC014482,jstv0id,,,1445,1445,Permanent Free Agent,0,,Veteran,FALSE
RSC014285,Itz_Eager,,,1440,1440,Permanent Free Agent,0,,Rival,FALSE
RSC003104,nizz,,,1415,1415,Permanent Free Agent,0,,Rival,FALSE
RSC014534,T3mp0-,,,1405,1405,Permanent Free Agent,0,,Rival,FALSE
RSC007436,LukaXD73,,,1390,1390,Permanent Free Agent,0,,Rival,FALSE
RSC007561,SANZUU,,,1380,1380,Permanent Free Agent,0,,Rival,FALSE
RSC001720,SUPERDUPERBAM,,,1370,1370,Permanent Free Agent,0,,Rival,FALSE
RSC006092,Mick,,,1370,1370,Permanent Free Agent,0,,Rival,FALSE
RSC007824,Akki402,,,1370,1370,Permanent Free Agent,0,,Rival,FALSE
RSC008298,LuckyDogeRL,,,1365,1365,Permanent Free Agent,0,,Rival,FALSE
RSC013901,anoobis-_-,,,1365,1365,Permanent Free Agent,0,,Rival,FALSE
RSC005263,DonYvan,,,1360,1360,Permanent Free Agent,0,,Rival,FALSE
RSC004407,Rootbear,,,1355,1355,Permanent Free Agent,0,,Rival,FALSE
RSC000737,AlienHealer,,,1350,1350,Permanent Free Agent,0,,Rival,FALSE
RSC014257,intwouition,,,1350,1350,Permanent Free Agent,0,,Rival,FALSE
RSC013185,KILLEVlL,,,1345,1345,Permanent Free Agent,0,,Rival,FALSE
RSC005035,BroskiJAZZ,,,1340,1340,Permanent Free Agent,0,,Rival,FALSE
RSC001265,DSav619,,,1325,1325,Permanent Free Agent,0,,Challenger,FALSE
RSC008251,Honey x Badger3,,,1315,1315,Permanent Free Agent,0,2026-05-24T12:00:00-04:00,Challenger,FALSE
RSC014364,Aleggii,,,1315,1315,Permanent Free Agent,0,,Challenger,FALSE
RSC014726,AngyAkin,,,1300,1300,Permanent Free Agent,0,,Challenger,FALSE
RSC003694,TheCroctopus,,,1280,1280,Permanent Free Agent,0,,Challenger,FALSE
RSC007592,FrodoBaggins4912,,,1280,1280,Permanent Free Agent,0,,Challenger,FALSE
RSC014291,Hedmarkers,,,1280,1280,Permanent Free Agent,0,,Challenger,FALSE
RSC014228,Look At My .45,,,1255,1255,Permanent Free Agent,0,,Challenger,FALSE
RSC013445,Syzz1e,,,1250,1250,Permanent Free Agent,0,,Challenger,FALSE
RSC014682,Jiyre.,,,1245,1245,Permanent Free Agent,0,,Challenger,FALSE
RSC000967,tr1ppn,,,1240,1240,Permanent Free Agent,0,,Challenger,FALSE
RSC002350,nacho,,,1235,1235,Permanent Free Agent,0,,Challenger,FALSE
RSC014515,Jerry_FromHR,,,1235,1235,Permanent Free Agent,0,,Challenger,FALSE
RSC014650,Shêp,,,1235,1235,Permanent Free Agent,0,,Challenger,FALSE
RSC007568,Chills1912,,,1230,1230,Permanent Free Agent,0,,Challenger,FALSE
RSC014372,Tableslinger,,,1225,1225,Permanent Free Agent,0,,Challenger,FALSE
RSC014499,Hey Lesly,,,1225,1225,Permanent Free Agent,0,,Challenger,FALSE
RSC007075,Ryu gu,,,1220,1220,Permanent Free Agent,0,,Prospect,FALSE
RSC004255,Avgjohnson,,,1215,1215,Permanent Free Agent,0,,Prospect,FALSE
RSC012844,VyperYTC,,,1215,1215,Permanent Free Agent,0,,Prospect,FALSE
RSC012399,chuckg777,,,1210,1210,Permanent Free Agent,0,,Prospect,FALSE
RSC004106,K.Doughboy,,,1205,1205,Permanent Free Agent,0,,Prospect,FALSE
RSC008044,fender_bender2,,,1205,1205,Permanent Free Agent,0,,Prospect,FALSE
RSC013609,TRC-allentwister,,,1205,1205,Permanent Free Agent,0,,Prospect,FALSE
RSC014354,WarRat,,,1205,1205,Permanent Free Agent,0,,Prospect,FALSE
RSC014299,zenminer9rl,,,1200,1200,Permanent Free Agent,0,,Prospect,FALSE
RSC007572,Mexalato,,,1195,1195,Permanent Free Agent,0,,Prospect,FALSE
RSC014226,pcsoccer18,,,1190,1190,Permanent Free Agent,0,,Prospect,FALSE
RSC013625,Babyhitsawall,,,1180,1180,Permanent Free Agent,0,,Prospect,FALSE
RSC013456,Cristian,,,1170,1170,Permanent Free Agent,0,,Prospect,FALSE
RSC004256,kowalskey,,,1155,1155,Permanent Free Agent,0,,Prospect,FALSE
RSC012810,hyvle,,,1155,1155,Permanent Free Agent,0,,Prospect,FALSE
RSC014526,NRG Dread,,,1155,1155,Permanent Free Agent,0,,Prospect,FALSE
RSC008111,Shadow_11Bravo,,,1140,1140,Permanent Free Agent,0,,Prospect,FALSE
RSC008110,IrishHawk27,,,1130,1130,Permanent Free Agent,0,,Prospect,FALSE
RSC014636,Unknown_xxc,,,1105,1105,Permanent Free Agent,0,,Prospect,FALSE
RSC005714,T_i_m_o_g,,,1100,1100,Permanent Free Agent,0,,Prospect,FALSE
RSC005759,XerNaut,,,1100,1100,Permanent Free Agent,0,,Prospect,FALSE
RSC014474,Meatyor_,,,1070,1070,Permanent Free Agent,0,,Contender,FALSE
RSC014255,MrRaddles,,,1065,1065,Permanent Free Agent,0,,Contender,FALSE
RSC014604,war_horse_223,,,1040,1040,Permanent Free Agent,0,,Contender,FALSE
RSC000791,Salad Fingers,,,990,990,Permanent Free Agent,0,,Contender,FALSE
RSC014589,Trash Loon,,,990,990,Permanent Free Agent,0,,Contender,FALSE
RSC014748,anqei.,,,960,960,Permanent Free Agent,0,,Contender,FALSE
RSC014483,AP Chance,,,940,940,Permanent Free Agent,0,,Contender,FALSE
RSC004619,FireFly3616,,,925,925,Permanent Free Agent,0,,Amateur,FALSE
RSC005925,Emily26210,,,910,910,Permanent Free Agent,0,,Amateur,FALSE
RSC014373,MODDRA,,,905,905,Permanent Free Agent,0,,Amateur,FALSE
RSC014649,xDragonZero007,,,900,900,Permanent Free Agent,0,,Amateur,FALSE
RSC014357,Shinobu,,,895,895,Permanent Free Agent,0,,Amateur,FALSE
RSC014703,Chiquita231167,,,880,880,Permanent Free Agent,0,,Amateur,FALSE
RSC014284,Le_Dinkz,,,750,750,Permanent Free Agent,0,,Amateur,FALSE
RSC014452,skidrow_fire91,,,750,750,Permanent Free Agent,0,,Amateur,FALSE
RSC014651,Lotlizard0486,,,750,750,Permanent Free Agent,0,,Amateur,FALSE
RSC014661,memthe1st,,,750,750,Permanent Free Agent,0,,Amateur,FALSE
RSC007470,Fused Gavin,,,1660,1660,Waivers,0,2026-06-24T12:00:00-04:00,Master,FALSE
RSC005165,Lucas,,,1450,1450,Waivers,0,2026-06-24T12:00:00-04:00,Veteran,FALSE
RSC014203,3 12 9 24 25,,,1425,1425,Waivers,0,2026-06-24T12:00:00-04:00,Rival,FALSE
RSC014166,Onsi_,,,1380,1380,Waivers,0,2026-06-24T12:00:00-04:00,Rival,FALSE
RSC007423,Valuedsquash465,,,1160,1160,Waivers,0,2026-06-24T12:00:00-04:00,Prospect,FALSE
RSC005139,brillo_padd,,,1140,1140,Waivers,0,2026-06-24T12:00:00-04:00,Prospect,FALSE
RSC013801,Its Turtles,,,1110,1110,Waivers,0,2026-06-24T12:00:00-04:00,Prospect,FALSE
RSC007271,xNerdyGamer,,,1020,1020,Waivers,0,2026-06-24T12:00:00-04:00,Contender,FALSE
RSC012792,LostRedjordan,,,1015,1015,Waivers,0,2026-06-24T12:00:00-04:00,Contender,FALSE
RSC008126,Zuuhan,,,960,960,Waivers,0,2026-06-24T12:00:00-04:00,Contender,FALSE